"id","latitude","longitude","elevation","state","name","gsn_flag","hcn_crn_flag","wmoid","geopoint"
US1LAJF0014,30.0142,-90.1343,0,LA,METAIRIE 2.8 ENE              ,   ,   ,,POINT(-90.1343 30.0142)
US1LAOR0012,30.0194,-90.0687,0,LA,NEW ORLEANS 4.8 N             ,   ,   ,,POINT(-90.0687 30.0194)
USC00166676,29.9347,-90.1361,0,LA,NEW ORLEANS CARROLLTON        ,   ,   ,,POINT(-90.1361 29.9347)
USC00166157,29.9903,-90.1431,0,LA,METAIRIE                      ,   ,   ,,POINT(-90.1431 29.9903)
USC00166671,29.9333,-90.1,0,LA,NEW ORLEANS JEFFERSON         ,   ,   ,,POINT(-90.1 29.9333)
USC00165980,30.3,-90.65,0,LA,MAUREPAS                      ,   ,   ,,POINT(-90.65 30.3)
US1LAJF0009,30.0319,-90.2213,0,LA,METAIRIE 3.5 NW               ,   ,   ,,POINT(-90.2213 30.0319)
US1LAJF0003,30.0182,-90.1941,0,LA,METAIRIE 1.7 NW               ,   ,   ,,POINT(-90.1941 30.0182)
USC00167427,30.05,-89.6167,0,LA,PONTCHARTRAIN GROVE           ,   ,   ,,POINT(-89.6167 30.05)
USC00166679,29.9833,-90.1167,0,LA,NEW ORLEANS DPS #6            ,   ,   ,,POINT(-90.1167 29.9833)
US1LALF0002,29.7056,-90.6224,0,LA,RACELAND 1.8 WSW              ,   ,   ,,POINT(-90.6224 29.7056)
USC00161639,29.9664,-89.9761,0,LA,CHALMETTE                     ,   ,   ,,POINT(-89.9761 29.9664)
USC00163681,29.3833,-90.2667,0,LA,GOLDEN MEADOW                 ,   ,   ,,POINT(-90.2667 29.3833)
US1LAJF0013,29.9865,-90.1547,0,LA,METAIRIE 1.6 ESE              ,   ,   ,,POINT(-90.1547 29.9865)
USC00167388,29.3667,-91.3833,0,LA,POINT AU FER REEF LH          ,   ,   ,,POINT(-91.3833 29.3667)
US1LAJF0006,29.8807,-90.0837,0,LA,MARRERO 1.9 E                 ,   ,   ,,POINT(-90.0837 29.8807)
USC00161929,29.2667,-90.65,3,LA,COCODRIE                      ,   ,   ,,POINT(-90.65 29.2667)
USC00167471,29.4833,-89.7,3,LA,PORT SULPHUR                  ,   ,   ,,POINT(-89.7 29.4833)
USC00166818,30.35,-90.0167,3,LA,NOTT FIRE TWR                 ,   ,   ,,POINT(-90.0167 30.35)
USC00166794,30.55,-90.75,3,LA,NORTH LIVINGSTON              ,   ,   ,,POINT(-90.75 30.55)
USC00167457,29.0167,-89.1667,3,LA,PORT EADS                     ,   ,   ,,POINT(-89.1667 29.0167)
USC00169378,29.9167,-89.9,3,LA,VIOLET                        ,   ,   ,,POINT(-89.9 29.9167)
USC00162330,29.2167,-89.2667,3,LA,DELTA BREPON WLD RFG          ,   ,   ,,POINT(-89.2667 29.2167)
USC00168941,29.91,-90.0342,3,LA,TERRYTOWN 3S                  ,   ,   ,,POINT(-90.0342 29.91)
USC00163345,30.3,-90.8,3,LA,FRENCH SETTLEMENT             ,   ,   ,,POINT(-90.8 30.3)
USC00161601,29.8667,-92.85,3,LA,CATFISH POINT                 ,   ,   ,,POINT(-92.85 29.8667)
USC00169319,29.7833,-92.2,3,LA,VERMILION LOCK                ,   ,   ,,POINT(-92.2 29.7833)
US1LAAP0001,29.8348,-90.9629,3,LA,LABADIEVILLE 0.9 NNW          ,   ,   ,,POINT(-90.9629 29.8348)
USC00164878,30.3728,-90.5506,3,LA,KILLIAN                       ,   ,   ,,POINT(-90.5506 30.3728)
US1LAST0023,30.3001,-89.7592,3,LA,SLIDELL 1.7 NE                ,   ,   ,,POINT(-89.7592 30.3001)
US1LAJB0002,30.069,-90.5574,3,LA,RESERVE 0.5 SSE               ,   ,   ,,POINT(-90.5574 30.069)
US1LAAS0007,30.2706,-90.9274,3,LA,GONZALES 3.7 N                ,   ,   ,,POINT(-90.9274 30.2706)
USC00168539,30.265,-89.7697,3,LA,SLIDELL                       ,   ,   ,,POINT(-89.7697 30.265)
USC00163562,29.7,-90.4667,3,LA,GHEENS                        ,   ,   ,,POINT(-90.4667 29.7)
USC00166675,29.9833,-90.0667,3,LA,NEW ORLEANS D P S 3           ,   ,   ,,POINT(-90.0667 29.9833)
USC00164410,29.5833,-90.7333,3,LA,HOUMA 2                       ,   ,   ,,POINT(-90.7333 29.5833)
USC00163798,29.7667,-92.95,3,LA,GRAND CHENIER                 ,   ,   ,,POINT(-92.95 29.7667)
USC00167572,29.2167,-89.2667,3,LA,QUARANTINE                    ,   ,   ,,POINT(-89.2667 29.2167)
USC00167519,30.2,-89.7333,3,LA,PREVOST ISLAND                ,   ,   ,,POINT(-89.7333 30.2)
USC00161425,29.75,-93.3333,3,LA,CAMERON                       ,   ,   ,,POINT(-93.3333 29.75)
USC00168598,30.1667,-91.35,3,LA,SORREL                        ,   ,   ,,POINT(-91.35 30.1667)
US1LAOR0003,29.9195,-90.1185,3,LA,NEW ORLEANS 3.6 SW            ,   ,   ,,POINT(-90.1185 29.9195)
USC00160007,29.9689,-92.1169,3,LA,ABBEVILLE                     ,   ,   ,,POINT(-92.1169 29.9689)
USC00163930,29.95,-92.5167,3,LA,GUEYDAN 5 S                   ,   ,   ,,POINT(-92.5167 29.95)
USC00165072,30.3014,-93.2689,3,LA,LAKE CHARLES 7 NW             ,   ,   ,,POINT(-93.2689 30.3014)
USC00163695,30.2033,-90.9225,3,LA,GONZALES                      ,   ,   ,,POINT(-90.9225 30.2033)
USC00168612,29.95,-90.15,3,LA,SOUTHERN UNIV FARM            ,   ,   ,,POINT(-90.15 29.95)
USC00165207,29.55,-89.8,3,LA,LAWRENCE                      ,   ,   ,,POINT(-89.8 29.55)
USC00166672,29.9833,-90.0167,3,LA,NEW ORLEANS D P S 5           ,   ,   ,,POINT(-90.0167 29.9833)
USC00168831,30.2383,-93.3447,3,LA,SULPHUR                       ,   ,   ,,POINT(-93.3447 30.2383)
US1LAST0006,30.3019,-89.7496,4,LA,SLIDELL 2.2 NE                ,   ,   ,,POINT(-89.7496 30.3019)
US1LACC0023,30.1901,-93.2222,4,LA,LAKE CHARLES 1.8 SW           ,   ,   ,,POINT(-93.2222 30.1901)
USW00093906,30.0333,-90.0833,4,LA,NEW ORLEANS NAS               ,   ,   ,,POINT(-90.0833 30.0333)
US1LACC0017,30.2308,-93.2109,4,LA,LAKE CHARLES 1.5 NNW          ,   ,   ,,POINT(-93.2109 30.2308)
USW00012863,28.9667,-89.3833,4,LA,BURRWOOD WB                   ,   ,   ,,POINT(-89.3833 28.9667)
USW00012927,29.5664,-90.6603,4,LA,HOUMA TERREBONNE AP           ,   ,   ,,POINT(-90.6603 29.5664)
US1LATG0012,30.4311,-90.4518,4,LA,PONCHATOULA 0.7 SW            ,   ,   ,,POINT(-90.4518 30.4311)
USC00167160,30.385,-89.7367,4,LA,PEARL RIVER                   ,   ,   ,,POINT(-89.7367 30.385)
US1LACC0005,30.2545,-93.2694,4,LA,WESTLAKE 0.7 WNW              ,   ,   ,,POINT(-93.2694 30.2545)
USW00003937,30.125,-93.2158,4,LA,LAKE CHARLES                  ,   ,   ,72240,POINT(-93.2158 30.125)
US1LACC0018,30.1842,-93.2011,4,LA,LAKE CHARLES 1.8 S            ,   ,   ,,POINT(-93.2011 30.1842)
US1LAST0008,30.3282,-89.9313,5.5,LA,LACOMBE 1.4 N                 ,   ,   ,,POINT(-89.9313 30.3282)
US1LATG0015,30.4555,-90.5018,5.5,LA,HAMMOND 4.4 SW                ,   ,   ,,POINT(-90.5018 30.4555)
USC00162688,30.2508,-90.9872,5.5,LA,DUTCHTOWN #2                  ,   ,   ,,POINT(-90.9872 30.2508)
US1LAST0013,30.4355,-90.1891,5.5,LA,MADISONVILLE 3.2 NNW          ,   ,   ,,POINT(-90.1891 30.4355)
US1LALY0007,30.3357,-91.9781,5.5,LA,CARENCRO 3.9 ENE              ,   ,   ,,POINT(-91.9781 30.3357)
US1LACC0021,30.1626,-93.1761,5.5,LA,LAKE CHARLES 3.7 SSE          ,   ,   ,,POINT(-93.1761 30.1626)
US1LAEB0021,30.3781,-91.018,7,LA,OLD JEFFERSON 0.9 W           ,   ,   ,,POINT(-91.018 30.3781)
US1LAST0020,30.3426,-89.7493,7,LA,PEARL RIVER 2.0 S             ,   ,   ,,POINT(-89.7493 30.3426)
USC00165266,31.1417,-93.2397,8.5,LA,LEESVILLE                     ,   ,   ,,POINT(-93.2397 31.1417)
US1LAEB0036,30.4028,-91.0134,11,LA,SHENANDOAH 0.8 W              ,   ,   ,,POINT(-91.0134 30.4028)
US1LAST0027,30.5237,-90.11,12.5,LA,COVINGTON 3.1 N               ,   ,   ,,POINT(-90.11 30.5237)
US1LAEB0047,30.3818,-91.1373,12.5,LA,BATON ROUGE 5.3 S             ,   ,   ,,POINT(-91.1373 30.3818)
US1LAEB0046,30.4421,-91.149,14,LA,BATON ROUGE 1.4 WSW           ,   ,   ,,POINT(-91.149 30.4421)
US1LALY0004,30.3341,-92.0272,14,LA,CARENCRO 1.7 NNE              ,   ,   ,,POINT(-92.0272 30.3341)
US1LALV0010,30.5602,-90.9518,18,LA,WATSON 1.1 S                  ,   ,   ,,POINT(-90.9518 30.5602)
US1LAEB0064,30.5503,-90.9946,18,LA,GREENWELL SPRINGS 2.2 S       ,   ,   ,,POINT(-90.9946 30.5503)
USC00168137,30.7167,-91.3,18,LA,ST FRANCISVILLE 6 S           ,   ,   ,,POINT(-91.3 30.7167)
USC00165852,30.5667,-92.4333,18,LA,MAMOU 4 S                     ,   ,   ,,POINT(-92.4333 30.5667)
USC00164100,31.7833,-91.8167,18,LA,HARRISONBURG LOCK 2           ,   ,   ,,POINT(-91.8167 31.7833)
US1LAEB0014,30.4393,-91.0685,18,LA,BATON ROUGE 3.5 E             ,   ,   ,,POINT(-91.0685 30.4393)
US1LARP0001,31.0956,-92.3598,18,LA,LECOMPTE 2.3 ENE              ,   ,   ,,POINT(-92.3598 31.0956)
US1LAEB0019,30.5096,-91.0016,18,LA,MONTICELLO 3.0 ENE            ,   ,   ,,POINT(-91.0016 30.5096)
USC00161969,32.1333,-92.0833,18,LA,COLUMBIA 2 N                  ,   ,   ,,POINT(-92.0833 32.1333)
USC00161729,31.0167,-92.2833,18,LA,CHENEYVILLE 1 NE              ,   ,   ,,POINT(-92.2833 31.0167)
US1LALV0011,30.555,-90.752,18,LA,LIVINGSTON 3.7 N              ,   ,   ,,POINT(-90.752 30.555)
USC00167001,30.55,-92.0833,21,LA,OPELOUSAS AP                  ,   ,   ,,POINT(-92.0833 30.55)
USC00169860,31.1333,-92.45,21,LA,WOODWORTH 3 ESE               ,   ,   ,,POINT(-92.45 31.1333)
US1LALV0004,30.5241,-90.9127,21,LA,DENHAM SPRINGS 4.1 NE         ,   ,   ,,POINT(-90.9127 30.5241)
US1LAOC0014,32.4693,-92.0623,21,LA,MONROE 3.2 SSE                ,   ,   ,,POINT(-92.0623 32.4693)
US1LAEB0002,30.4218,-91.1576,21,LA,BATON ROUGE 2.7 SW            ,   ,   ,,POINT(-91.1576 30.4218)
USC00164734,31.6833,-91.8333,21,LA,JONESVILLE 4 N                ,   ,   ,,POINT(-91.8333 31.6833)
USC00164209,31.4333,-92.2333,21,LA,HICKORY GROVE                 ,   ,   ,,POINT(-92.2333 31.4333)
USC00164785,29.8833,-92.2667,21,LA,KAPLIN 8 S                    ,   ,   ,,POINT(-92.2667 29.8833)
USC00165156,31.75,-91.4,21,LA,L ARGENT                      ,   ,   ,,POINT(-91.4 31.75)
USC00161979,32.1672,-92.1078,25,LA,COLUMBIA LOCK                 ,   ,   ,,POINT(-92.1078 32.1672)
US1LAAV0005,31.1282,-92.0793,25,LA,FSA-MARKSVILLE 1.0 W          ,   ,   ,,POINT(-92.0793 31.1282)
US1LAOC0023,32.5447,-91.9982,25,LA,MONROE 5.5 ENE                ,   ,   ,,POINT(-91.9982 32.5447)
US1LAEB0027,30.4507,-91.0843,25,LA,BATON ROUGE 2.5 E             ,   ,   ,,POINT(-91.0843 30.4507)
US1LAOC0010,32.4896,-92.2486,25,LA,WEST MONROE 6.1 WSW           ,   ,   ,,POINT(-92.2486 32.4896)
USC00166868,32.6228,-91.7764,25,LA,OAK RIDGE                     ,   ,   ,,POINT(-91.7764 32.6228)
US1LARC0002,32.4812,-91.8009,25,LA,RAYVILLE 2.6 WNW              ,   ,   ,,POINT(-91.8009 32.4812)
US1LAEB0006,30.6184,-91.0759,28,LA,ZACHARY 5.5 ESE               ,   ,   ,,POINT(-91.0759 30.6184)
US1LAGR0003,31.5989,-92.7837,29,LA,COLFAX 7.2 NW                 ,   ,   ,,POINT(-92.7837 31.5989)
US1LAOC0032,32.6228,-92.0039,29,LA,MONROE 9.0 NNE                ,   ,   ,,POINT(-92.0039 32.6228)
USC00162641,30.7414,-93.1386,29,LA,DRY CREEK 8NW                 ,   ,   ,,POINT(-93.1386 30.7414)
USC00160617,30.7925,-92.4953,32,LA,BEAVER FIRE TWR               ,   ,   ,,POINT(-92.4953 30.7925)
US1LAEB0009,30.6069,-91.0533,32,LA,BROWNFIELDS 5.8 NE            ,   ,   ,,POINT(-91.0533 30.6069)
US1LAEB0045,30.6565,-91.1668,32,LA,ZACHARY 0.9 WSW               ,   ,   ,,POINT(-91.1668 30.6565)
USC00167905,31.6833,-93.3,46,LA,ROBELINE                      ,   ,   ,,POINT(-93.3 31.6833)
USC00168519,30.65,-93.4167,46,LA,SINGER                        ,   ,   ,,POINT(-93.4167 30.65)
USC00162140,32.0167,-93.3333,46,LA,COUSHATTA 1 SE                ,   ,   ,,POINT(-93.3333 32.0167)
USC00164693,31.6833,-92.0833,46,LA,JENA 2E                       ,   ,   ,,POINT(-92.0833 31.6833)
USC00167331,30.9167,-92.9167,46,LA,PITKIN 1 SE                   ,   ,   ,,POINT(-92.9167 30.9167)
USC00165908,32.8167,-92.1667,46,LA,MARION 7 SE                   ,   ,   ,,POINT(-92.1667 32.8167)
USC00168492,32.1,-92.3333,46,LA,SIKES 11 E                    ,   ,   ,,POINT(-92.3333 32.1)
US1LAVN0001,31.1284,-93.5224,46,LA,ANACOCO 13.7 SW               ,   ,   ,,POINT(-93.5224 31.1284)
US1LABS0017,32.533,-93.7007,50,LA,BOSSIER CITY 2.4 WNW          ,   ,   ,,POINT(-93.7007 32.533)
USC00160639,31.6333,-92.1833,60,LA,BELAH FIRE TWR                ,   ,   ,,POINT(-92.1833 31.6333)
USC00161894,30.8833,-91.0167,64,LA,CLINTON 2                     ,   ,   ,,POINT(-91.0167 30.8833)
USC00165527,31.9833,-93.95,64,LA,LOGANSPORT 4 ENE              ,   ,   ,,POINT(-93.95 31.9833)
USC00168065,32.5333,-92.6,92,LA,RUSTON                        ,   ,   ,,POINT(-92.6 32.5333)
USC00168524,31.2,-93.1333,92,LA,SLAGLE                        ,   ,   ,,POINT(-93.1333 31.2)
USC00168513,31.2667,-93,92,LA,SIMPSON                       ,   ,   ,,POINT(-93 31.2667)
USC00168263,32.95,-93.45,92,LA,SAREPTA 5 N                   ,   ,   ,,POINT(-93.45 32.95)
USC00164288,31.3747,-93.3911,128,LA,HODGES GARDENS                ,   ,   ,,POINT(-93.3911 31.3747)
US1LACM0003,30.0483,-93.2414,1.5,LA,LAKE CHARLES 11.5 SSW         ,   ,   ,,POINT(-93.2414 30.0483)
USC00165074,30.2544,-93.2186,1.5,LA,LAKE CHARLES 2 N              ,   ,   ,,POINT(-93.2186 30.2544)
USC00161705,29.4817,-90.5814,1.5,LA,CHAUVIN                       ,   ,   ,,POINT(-90.5814 29.4817)
USW00012958,29.8167,-90.0167,1.5,LA,NEW ORLEANS ALVIN CALLENDER FL,   ,   ,,POINT(-90.0167 29.8167)
USC00161292,29.3414,-89.5158,1.5,LA,BURAS                         ,   ,   ,,POINT(-89.5158 29.3414)
US1LAMY0002,29.7144,-91.2456,1.5,LA,BERWICK 1.1 NNW               ,   ,   ,,POINT(-91.2456 29.7144)
USC00163829,29.9169,-90.0617,1.5,LA,GRETNA                        ,   ,   ,,POINT(-90.0617 29.9169)
USC00168108,29.8722,-89.83,1.5,LA,ST BERNARD                    ,   ,   ,,POINT(-89.83 29.8722)
USC00165076,30.2142,-93.2494,1.5,LA,LAKE CHARLES PORT             ,   ,   ,,POINT(-93.2494 30.2142)
US1LAJB0001,30.0747,-90.5481,1.5,LA,RESERVE 0.8 E                 ,   ,   ,,POINT(-90.5481 30.0747)
USC00161365,30.2817,-91.6911,1.5,LA,BUTTE LA ROSE                 ,   ,   ,,POINT(-91.6911 30.2817)
US1LATR0007,29.6282,-90.799,1.5,LA,HOUMA 6.5 WNW                 ,   ,   ,,POINT(-90.799 29.6282)
USC00163433,29.4631,-90.3072,1.5,LA,GALLIANO                      ,   ,   ,,POINT(-90.3072 29.4631)
USC00166394,29.6833,-91.1761,1.5,LA,MORGAN CITY                   ,   ,   ,,POINT(-91.1761 29.6833)
USC00166670,29.95,-90.05,1.5,LA,NEW ORLEANS S&WB              ,   ,   ,,POINT(-90.05 29.95)
USC00167096,29.7892,-90.4286,1.5,LA,PARADIS 7 S                   ,   ,   ,,POINT(-90.4286 29.7892)
USC00166668,30.0489,-89.9522,-1.5,LA,NEW ORLEANS EASTOVER          ,   ,   ,,POINT(-89.9522 30.0489)
USC00165610,30.0306,-89.9636,-1.5,LA,LOUISIANA NATURE CTR          ,   ,   ,,POINT(-89.9636 30.0306)
US1LACD0026,32.6217,-93.885,72.5,LA,BLANCHARD 2.8 NNE             ,   ,   ,,POINT(-93.885 32.6217)
USC00168046,30.9461,-93.2789,72.5,LA,ROSEPINE RSCH STN             ,   ,   ,,POINT(-93.2789 30.9461)
US1LASN0003,31.7014,-93.407,80.5,LA,PLEASANT HILL 10.2 SE         ,   ,   ,,POINT(-93.407 31.7014)
US1LALN0008,32.5574,-92.5517,80.5,LA,RUSTON 5.4 ENE                ,   ,   ,,POINT(-92.5517 32.5574)
US1LAGR0001,31.5857,-92.6022,48.5,LA,DRY PRONG 4.3 W               ,   ,   ,,POINT(-92.6022 31.5857)
US1LACD0010,32.3625,-93.8981,62.5,LA,KEITHVILLE 4.2 WNW            ,   ,   ,,POINT(-93.8981 32.3625)
US1LADS0005,32.2346,-93.8377,89,LA,STONEWALL 2.4 SSW             ,   ,   ,,POINT(-93.8377 32.2346)
USC00164355,32.81,-93.0625,65.5,LA,HOMER 1N                      ,   ,   ,,POINT(-93.0625 32.81)
US1LASN0007,31.6798,-93.6553,69.5,LA,NOBLE 1.8 ESE                 ,   ,   ,,POINT(-93.6553 31.6798)
US1LABS0007,32.7044,-93.7594,73.5,LA,BENTON 1.4 NW                 ,   ,   ,,POINT(-93.7594 32.7044)
US1LACB0007,32.7905,-93.0505,73.5,LA,HOMER 0.5 ESE                 ,   ,   ,,POINT(-93.0505 32.7905)
USC00166466,30.9503,-90.3061,97.5,LA,MT HERMON 2W                  ,   ,   ,,POINT(-90.3061 30.9503)
US1LACN0002,31.6473,-91.5651,16.5,LA,FERRIDAY 1.1 NNW              ,   ,   ,,POINT(-91.5651 31.6473)
USC00169820,31.9833,-91.65,23.5,LA,WISNER                        ,   ,   ,,POINT(-91.65 31.9833)
USC00160945,30.7808,-89.8567,30.5,LA,BOGALUSA                      ,   ,   ,,POINT(-89.8567 30.7808)
USC00165090,32.8067,-91.173,30.5,LA,LAKE PROVIDENCE               ,   ,   ,,POINT(-91.173 32.8067)
US1LARP0009,31.3195,-92.4223,30.5,LA,PINEVILLE 1.0 SSW             ,   ,   ,,POINT(-92.4223 31.3195)
US1LAEB0028,30.6841,-91.2045,39,LA,ZACHARY 3.5 WNW               ,   ,   ,,POINT(-91.2045 30.6841)
US1LAUN0002,32.6805,-92.2236,39,LA,ROCKY BRANCH 1.3 W            ,   ,   ,,POINT(-92.2236 32.6805)
USC00164088,32.0667,-93.4333,43,LA,HARMON                        ,   ,   ,,POINT(-93.4333 32.0667)
USC00162143,32.0167,-93.35,43,LA,COUSHATTA 2                   ,   ,   ,,POINT(-93.35 32.0167)
USC00166584,31.8142,-93.0856,43,LA,NATCHITOCHES #2               ,   ,   ,,POINT(-93.0856 31.8142)
USC00163639,30.9667,-92.5833,43,LA,GLENMORA                      ,   ,   ,,POINT(-92.5833 30.9667)
US1LAMR0002,32.7602,-91.9047,43,LA,BASTROP 1.0 SSE               ,   ,   ,,POINT(-91.9047 32.7602)
US1LACD0006,32.3653,-93.7054,57,LA,SHREVEPORT 9.1 SE             ,   ,   ,,POINT(-93.7054 32.3653)
US1LABG0004,30.8474,-93.2766,57,LA,FSA-DE RIDDER 0.9 E           ,   ,   ,,POINT(-93.2766 30.8474)
USC00161899,30.8178,-90.9733,61,LA,CLINTON 5 SE                  ,   ,   ,,POINT(-90.9733 30.8178)
USC00168444,32.3919,-93.7803,61,LA,SHREVEPORT STHRN HILLS        ,   ,   ,,POINT(-93.7803 32.3919)
USC00160718,32.6997,-93.6619,61,LA,BENTON 5E                     ,   ,   ,,POINT(-93.6619 32.6997)
US1LATG0003,30.7401,-90.4407,61,LA,AMITE CITY 4.1 E              ,   ,   ,,POINT(-90.4407 30.7401)
USC00162525,32.1,-92.5833,61,LA,DODSON 6 ENE                  ,   ,   ,,POINT(-92.5833 32.1)
USC00167950,32.9667,-94,61,LA,RODESSA                       ,   ,   ,,POINT(-94 32.9667)
USC00168669,32.9006,-92.5714,61,LA,SPEARSVILLE FIRE TWR          ,   ,   ,,POINT(-92.5714 32.9006)
USC00164816,32.355,-93.8619,61,LA,KEITHVILLE                    ,   ,   ,,POINT(-93.8619 32.355)
USR0000LKIS,31.495,-93.1981,61,LA,KISATCHIE - FTS LOUISIANA     ,   ,   ,,POINT(-93.1981 31.495)
USC00166364,32.7053,-93.9603,61,LA,MOORINGSPORT 1 N              ,   ,   ,,POINT(-93.9603 32.7053)
USC00163326,30.9333,-90.1833,61,LA,FRANKLINTON 6 NNW             ,   ,   ,,POINT(-90.1833 30.9333)
USC00164453,31.9833,-93.8333,82,LA,HUNTER                        ,   ,   ,,POINT(-93.8333 31.9833)
USC00164384,31.3833,-93.4,110,LA,HORNBECK HODGES EXP A         ,   ,   ,,POINT(-93.4 31.3833)
USW00063903,31.1136,-92.9656,114,LA,FT POLK - SELF STRIP          ,   ,   ,,POINT(-92.9656 31.1136)
USW00053988,31.15,-92.9667,94.5,LA,FT POLK FULLERTON LNDG STRIP  ,   ,   ,,POINT(-92.9667 31.15)
USC00161941,31.5183,-92.7142,33.5,LA,COLFAX                        ,   ,   ,,POINT(-92.7142 31.5183)
USC00161232,31.3944,-92.7164,33.5,LA,BOYCE 3 WNW                   ,   ,   ,,POINT(-92.7164 31.3944)
USC00166836,30.8214,-92.6697,33.5,LA,OAKDALE                       ,   ,   ,,POINT(-92.6697 30.8214)
US1LARR0001,32.0399,-93.3234,55.5,LA,COUSHATTA 1.4 NE              ,   ,   ,,POINT(-93.3234 32.0399)
US1LADS0006,32.3217,-93.7578,55.5,LA,STONEWALL 5.3 NE              ,   ,   ,,POINT(-93.7578 32.3217)
US1LAWF0005,30.9799,-91.3573,71,LA,ASHWOOD 5.7 SW                ,   ,   ,,POINT(-91.3573 30.9799)
USC00164398,32.8867,-93.8733,75,LA,HOSSTON                       ,   ,   ,,POINT(-93.8733 32.8867)
USC00161446,31.0667,-93.2,107,LA,CAMP POLK                     ,   ,   ,,POINT(-93.2 31.0667)
USC00168448,32.4514,-93.8417,83.5,LA,SHREVEPORT WFO                ,   ,   ,,POINT(-93.8417 32.4514)
US1LAOR0006,29.9617,-90.0388,2.4,LA,NEW ORLEANS 2.1 ENE           ,   ,   ,,POINT(-90.0388 29.9617)
US1LAVM0008,29.9555,-92.1571,3.4,LA,ABBEVILLE 1.9 SW              ,   ,   ,,POINT(-92.1571 29.9555)
USC00165065,30.0206,-92.7681,3.4,LA,LAKE ARTHUR 7 SW              ,   ,   ,,POINT(-92.7681 30.0206)
USR0000LBBR,30.3167,-89.9333,3.4,LA,BIG BRANCH NWR LOUISIANA      ,   ,   ,,POINT(-89.9333 30.3167)
USC00169376,30.1992,-93.6778,3.4,LA,VINTON 5W                     ,   ,   ,,POINT(-93.6778 30.1992)
US1LAAS0011,30.1519,-90.9289,4.3,LA,GONZALES 4.5 S                ,   ,   ,,POINT(-90.9289 30.1519)
US1LATG0004,30.4532,-90.5011,4.3,LA,HAMMOND 4.5 SSW               ,   ,   ,,POINT(-90.5011 30.4532)
US1LAST0018,30.2917,-89.7365,4.3,LA,SLIDELL 2.6 ENE               ,   ,   ,,POINT(-89.7365 30.2917)
US1LACC0015,30.2297,-93.2167,4.3,LA,LAKE CHARLES 1.5 NNW          ,   ,   ,,POINT(-93.2167 30.2297)
US1LAIB0002,30.0346,-91.7775,4.3,LA,NEW IBERIA 3.1 NE             ,   ,   ,,POINT(-91.7775 30.0346)
USC00166431,30.2944,-93.2078,5.8,LA,MOSS BLUFF                    ,   ,   ,,POINT(-93.2078 30.2944)
US1LAAC0001,30.2242,-92.3819,5.8,LA,CROWLEY 0.9 NNW               ,   ,   ,,POINT(-92.3819 30.2242)
US1LAIV0006,30.3097,-91.1185,5.8,LA,ST. GABRIEL 2.8 NNW           ,   ,   ,,POINT(-91.1185 30.3097)
USC00166657,30.0375,-91.8839,7.3,LA,NEW IBERIA ACADIANA AP        ,   ,   ,,POINT(-91.8839 30.0375)
US1LAOR0013,29.9209,-90.107,7.3,LA,WESTWEGO 2.4 ENE              ,   ,   ,,POINT(-90.107 29.9209)
USW00053915,30.0375,-91.8839,7.3,LA,NEW IBERIA ACADIANA RGNL AP   ,   ,   ,,POINT(-91.8839 30.0375)
USC00168715,30.4333,-90.65,9.1,LA,SPRINGVILLE FIRE TWR          ,   ,   ,,POINT(-90.65 30.4333)
USC00160021,30.4372,-90.0519,9.1,LA,ABITA SPRINGS FIRE TWR        ,   ,   ,,POINT(-90.0519 30.4372)
US1LATG0002,30.4956,-90.4965,9.1,LA,HAMMOND 2.3 WSW               ,   ,   ,,POINT(-90.4965 30.4956)
USC00167432,30.25,-90.1167,9.1,LA,PONTCHARTRAIN CAUSEWAY        ,   ,   ,,POINT(-90.1167 30.25)
US1LAEB0053,30.4089,-91.1058,9.1,LA,BATON ROUGE 3.0 SSE           ,   ,   ,,POINT(-91.1058 30.4089)
US1LAST0007,30.451,-90.0504,9.1,LA,ABITA SPRINGS 2.2 SSW         ,   ,   ,,POINT(-90.0504 30.451)
USC00161807,30.4,-91.2333,9.1,LA,CINCLARE                      ,   ,   ,,POINT(-91.2333 30.4)
US1LAEB0041,30.3876,-91.1372,9.1,LA,BATON ROUGE 4.3 S             ,   ,   ,,POINT(-91.1372 30.3876)
USC00168181,30.0858,-91.8694,9.1,LA,ST MARTINVILLE 3 SW           ,   ,   ,,POINT(-91.8694 30.0858)
USC00167161,30.45,-89.7833,9.1,LA,PEARL RIVER LOCK 1            ,   ,   ,,POINT(-89.7833 30.45)
USC00160367,30.35,-91.7167,9.1,LA,ATCHAFALAYA                   ,   ,   ,,POINT(-91.7167 30.35)
USC00166117,30.6833,-91.7333,9.1,LA,MELVILLE                      ,   ,   ,,POINT(-91.7333 30.6833)
USC00168139,30.2725,-91.0994,9.1,LA,ST GABRIEL                    ,   ,   ,,POINT(-91.0994 30.2725)
USC00165335,30.9667,-91.7167,9.1,LA,LETTSWORTH                    ,   ,   ,,POINT(-91.7167 30.9667)
USC00167678,30.3333,-92.2667,9.1,LA,RAYNE 6 N                     ,   ,   ,,POINT(-92.2667 30.3333)
US1LAAS0002,30.3294,-90.9151,10.1,LA,PORT VINCENT 4.4 W            ,   ,   ,,POINT(-90.9151 30.3294)
US1LAEB0054,30.4281,-91.0243,11.6,LA,BATON ROUGE 6.2 ESE           ,   ,   ,,POINT(-91.0243 30.4281)
US1LASM0001,30.3277,-91.8507,13.1,LA,CECILIA 0.6 SSW               ,   ,   ,,POINT(-91.8507 30.3277)
USC00165438,30.5197,-90.7544,13.1,LA,LIVINGSTON                    ,   ,   ,,POINT(-90.7544 30.5197)
USC00168945,30.5981,-90.4472,16.2,LA,TICKFAW 3 ENE                 ,   ,   ,,POINT(-90.4472 30.5981)
US1LATG0006,30.5488,-90.4953,16.2,LA,TICKFAW 2.0 SSW               ,   ,   ,,POINT(-90.4953 30.5488)
US1LAST0011,30.5319,-90.0862,16.2,LA,COVINGTON 4.0 NNE             ,   ,   ,,POINT(-90.0862 30.5319)
US1LACC0016,30.3912,-93.4114,16.2,LA,DE QUINCY 4.4 SSE             ,   ,   ,,POINT(-93.4114 30.3912)
USW00003996,32.35,-91.0278,26.2,LA,TALLULAH VICKSBURG AP         ,   ,   ,,POINT(-91.0278 32.35)
USC00162971,32.6167,-91.5667,30.2,LA,EPPS 6 WNW                    ,   ,   ,,POINT(-91.5667 32.6167)
US1LABS0022,32.5781,-93.7205,52.4,LA,BOSSIER CITY 5.3 NW           ,   ,   ,,POINT(-93.7205 32.5781)
US1LABS0001,32.6061,-93.7129,52.4,LA,BOSSIER CITY 6.7 NNW          ,   ,   ,,POINT(-93.7129 32.6061)
USR0000LEVA,31.185,-92.6314,56.4,LA,EVANGELINE/GARDNER LOUISIANA  ,   ,   ,,POINT(-92.6314 31.185)
USC00166244,32.6053,-93.2947,56.4,LA,MINDEN                        ,   ,   ,,POINT(-93.2947 32.6053)
USC00160786,32.3833,-94.05,112.8,LA,BETHANY                       ,   ,   ,,POINT(-94.05 32.3833)
USC00162334,29.6,-90.35,0.3,LA,DELTA FARMS                   ,   ,   ,,POINT(-90.35 29.6)
US1LASJ0002,30.0634,-90.6997,0.3,LA,GRAMERCY 0.4 NW               ,   ,   ,,POINT(-90.6997 30.0634)
US1LAOR0016,29.9794,-90.0812,0.6,LA,NEW ORLEANS 2.1 NNW           ,   ,   ,,POINT(-90.0812 29.9794)
USC00163807,29.2414,-89.9914,0.6,LA,GRAND ISLE                    ,   ,   ,,POINT(-89.9914 29.2414)
US1LAOR0009,30.0152,-90.0656,0.6,LA,NEW ORLEANS 5.0 N             ,   ,   ,,POINT(-90.0656 30.0152)
USC00166666,29.9508,-90.0511,0.6,LA,NEW ORLEANS ALGIERS           ,   ,   ,,POINT(-90.0511 29.9508)
USC00166678,30.0167,-90.0167,-0.6,LA,NEW ORLEANS PINE VILLA        ,   ,   ,,POINT(-90.0167 30.0167)
USW00012968,29.5622,-91.5256,1.2,LA,SALT POINT                    ,   ,   ,,POINT(-91.5256 29.5622)
USC00162478,29.5833,-89.8333,1.2,LA,DIAMOND 4 NW                  ,   ,   ,,POINT(-89.8333 29.5833)
USW00012916,29.9933,-90.2511,1.2,LA,NEW ORLEANS INTL AP           ,GSN,   ,72231,POINT(-90.2511 29.9933)
USC00160526,30.4833,-92.6333,1.2,LA,BASILE 2 W                    ,   ,   ,,POINT(-92.6333 30.4833)
USC00167932,29.7286,-92.8181,1.2,LA,ROCKEFELLER WL REFUGE         ,   ,   ,,POINT(-92.8181 29.7286)
USC00167368,29.5833,-89.8333,1.2,LA,PLAQUEMINES EXP STN           ,   ,   ,,POINT(-89.8333 29.5833)
USC00165624,29.5814,-89.8222,1.2,LA,LSU CITRUS RSCH STN           ,   ,   ,,POINT(-89.8222 29.5814)
USC00160658,29.9747,-93.0897,1.2,LA,BELL CITY 13 SW               ,   ,   ,,POINT(-93.0897 29.9747)
USC00168750,30.3167,-93.6667,-999.9,LA,STARKS FIRE TWR               ,   ,   ,,POINT(-93.6667 30.3167)
USC00162309,31.8833,-91.8333,-999.9,LA,DAVIS                         ,   ,   ,,POINT(-91.8333 31.8833)
USC00169685,31.6,-92.2667,-999.9,LA,WHITE SULPHUR SPRING          ,   ,   ,,POINT(-92.2667 31.6)
USC00163009,30.9833,-93.5,-999.9,LA,EVANS                         ,   ,   ,,POINT(-93.5 30.9833)
USC00169613,30.0333,-90.1167,-999.9,LA,WEST END                      ,   ,   ,,POINT(-90.1167 30.0333)
USC00161323,30.15,-90.9167,-999.9,LA,BURNSIDE                      ,   ,   ,,POINT(-90.9167 30.15)
USC00162976,31.3833,-92.3,-999.9,LA,ESLER FIELD                   ,   ,   ,,POINT(-92.3 31.3833)
USC00162287,32.6833,-92.45,-999.9,LA,D ARBONNE FIRE DNGR TW        ,   ,   ,,POINT(-92.45 32.6833)
USC00169682,30.3167,-90.7,-999.9,LA,WHITEHALL                     ,   ,   ,,POINT(-90.7 30.3167)
USC00161331,31.0667,-93.5,-999.9,LA,BURR FERRY                    ,   ,   ,,POINT(-93.5 31.0667)
USC00163001,31.2,-92.6,-999.9,LA,EVANGELINE GRD STN            ,   ,   ,,POINT(-92.6 31.2)
USC00166132,30.95,-92.4,-999.9,LA,MERIDIAN FIRE TWR             ,   ,   ,,POINT(-92.4 30.95)
USC00164800,32.1833,-93.9,-999.9,LA,KEATCHIE                      ,   ,   ,,POINT(-93.9 32.1833)
USC00162684,30.25,-90.9833,-999.9,LA,DUTCHTOWN                     ,   ,   ,,POINT(-90.9833 30.25)
USC00168004,30.7667,-90.5167,-999.9,LA,ROSELAND                      ,   ,   ,,POINT(-90.5167 30.7667)
USC00169610,32.1667,-93.5,-999.9,LA,WESTDALE 3 SW                 ,   ,   ,,POINT(-93.5 32.1667)
USC00163218,30.35,-90.05,-999.9,LA,FONTAINBLEAU SP               ,   ,   ,,POINT(-90.05 30.35)
USC00165596,32.6333,-93.9667,-999.9,LA,LONGWOOD FIRE TWR             ,   ,   ,,POINT(-93.9667 32.6333)
USC00167822,30.9833,-90.9833,-999.9,LA,RICHLAND HILL NEAR SCS        ,   ,   ,,POINT(-90.9833 30.9833)
USC00161981,32.1,-91.6,-999.9,LA,COMO                          ,   ,   ,,POINT(-91.6 32.1)
USC00164830,31.9167,-92.15,-999.9,LA,KELLY                         ,   ,   ,,POINT(-92.15 31.9167)
USC00168930,30.7667,-92.9,-999.9,LA,TEN MILE                      ,   ,   ,,POINT(-92.9 30.7667)
USC00161577,32.2667,-93.5667,-999.9,LA,CASPIANA                      ,   ,   ,,POINT(-93.5667 32.2667)
USC00165713,32.3667,-92.2167,-999.9,LA,LUNA FIRE TWR                 ,   ,   ,,POINT(-92.2167 32.3667)
USC00164348,29.4667,-89.6667,-999.9,LA,HOMEPLACE                     ,   ,   ,,POINT(-89.6667 29.4667)
USC00160989,32.8833,-91.6667,-999.9,LA,BONITA 3 S                    ,   ,   ,,POINT(-91.6667 32.8833)
USC00169298,29.2833,-89.35,-999.9,LA,VENICE                        ,   ,   ,,POINT(-89.35 29.2833)
USC00161380,30.1,-91.9,-999.9,LA,CADES                         ,   ,   ,,POINT(-91.9 30.1)
USC00163117,31.6333,-91.5667,-999.9,LA,FERRIDAY                      ,   ,   ,,POINT(-91.5667 31.6333)
USC00168813,30.65,-90.9333,-999.9,LA,STONYPOINT                    ,   ,   ,,POINT(-90.9333 30.65)
USC00164958,32.9667,-91.5,-999.9,LA,LAARK                         ,   ,   ,,POINT(-91.5 32.9667)
USC00164590,32.35,-93.15,-999.9,LA,JAMESTOWN NEAR SCS 16         ,   ,   ,,POINT(-93.15 32.35)
USC00162672,29.3833,-90.7167,-999.9,LA,DULAC                         ,   ,   ,,POINT(-90.7167 29.3833)
USC00169435,30.4833,-90.8667,-999.9,LA,WALKER                        ,   ,   ,,POINT(-90.8667 30.4833)
USC00166585,29.8833,-89.9833,-999.9,LA,NAVAL AMMUNITION DEPOT        ,   ,   ,,POINT(-89.9833 29.8833)
USC00168582,32.1833,-91.2333,-999.9,LA,SOMERSET                      ,   ,   ,,POINT(-91.2333 32.1833)
USC00167861,32.3333,-93.2667,-999.9,LA,RINGGOLD                      ,   ,   ,,POINT(-93.2667 32.3333)
USC00165075,30.2167,-93.2167,-999.9,LA,LAKE CHARLES                  ,   ,   ,,POINT(-93.2167 30.2167)
USC00167174,29.65,-92.4333,-999.9,LA,PECAN ISLAND                  ,   ,   ,,POINT(-92.4333 29.65)
USC00169455,32.3333,-93.6667,-999.9,LA,WALLACE LAKE DAM              ,   ,   ,,POINT(-93.6667 32.3333)
USC00165365,32.3167,-92.9167,-999.9,LA,LIBERTY HILL                  ,   ,   ,,POINT(-92.9167 32.3167)
USC00164367,32.5,-93.6667,-999.9,LA,HONORE                        ,   ,   ,,POINT(-93.6667 32.5)
USC00162954,29.85,-92.2333,-999.9,LA,ESTHER                        ,   ,   ,,POINT(-92.2333 29.85)
USC00162884,29.4,-89.6,-999.9,LA,EMPIRE                        ,   ,   ,,POINT(-89.6 29.4)
USC00161677,30.05,-88.8667,-999.9,LA,CHANDELEUR LIGHTHOUSE         ,   ,   ,,POINT(-88.8667 30.05)
USC00166636,31.3667,-91.8333,-999.9,LA,NEW ERA                       ,   ,   ,,POINT(-91.8333 31.3667)
USC00168393,29.8667,-89.65,-999.9,LA,SHELL BCH LOYOLA CAMP         ,   ,   ,,POINT(-89.65 29.8667)
USC00165283,31.15,-93.1833,85.3,LA,LEESVILLE 5 ENE               ,   ,   ,,POINT(-93.1833 31.15)
USC00168800,31.2333,-92.9333,85.3,LA,STILLE                        ,   ,   ,,POINT(-92.9333 31.2333)
US1LAJC0003,32.3442,-92.6794,85.3,LA,QUITMAN 2.5 E                 ,   ,   ,,POINT(-92.6794 32.3442)
US1LABV0002,32.5519,-92.925,117.3,LA,ARCADIA 0.1 NNW               ,   ,   ,,POINT(-92.925 32.5519)
US1LALV0002,30.5771,-90.9699,32.9,LA,DENHAM SPRINGS 6.8 N          ,   ,   ,,POINT(-90.9699 30.5771)
USC00163079,32.775,-92.4075,54.9,LA,FARMERVILLE                   ,   ,   ,,POINT(-92.4075 32.775)
USC00169583,32.8667,-92.7333,54.9,LA,WELDON                        ,   ,   ,,POINT(-92.7333 32.8667)
USC00168489,32.0833,-92.4667,54.9,LA,SIKES 2 E                     ,   ,   ,,POINT(-92.4667 32.0833)
USC00161703,32.3167,-92.45,54.9,LA,CHATHAM                       ,   ,   ,,POINT(-92.45 32.3167)
USC00168436,32.5158,-93.7447,54.9,LA,SHREVEPORT DWTN               ,   ,   ,,POINT(-93.7447 32.5158)
US1LAEF0001,30.8404,-91.0159,65.8,LA,CLINTON 1.4 S                 ,   ,   ,,POINT(-91.0159 30.8404)
US1LACD0027,32.8946,-93.9828,69.8,LA,VIVIAN 1.5 N                  ,   ,   ,,POINT(-93.9828 32.8946)
US1LAWF0004,30.8928,-91.3641,73.8,LA,WAKEFIELD 0.9 WNW             ,   ,   ,,POINT(-91.3641 30.8928)
USC00163794,32.1333,-93.8,82.3,LA,GRAND CANE FIRE TWR           ,   ,   ,,POINT(-93.8 32.1333)
US1LASL0006,30.5218,-92.067,17.7,LA,FSA-OPELOUSAS 1.0 ESE         ,   ,   ,,POINT(-92.067 30.5218)
USC00162361,30.4347,-93.4692,24.7,LA,DE QUINCY                     ,   ,   ,,POINT(-93.4692 30.4347)
USC00169865,31.1167,-92.4667,35.4,LA,WOODWORTH 2 SE                ,   ,   ,,POINT(-92.4667 31.1167)
US1LAVN0004,31.0394,-93.3118,66.8,LA,LEESVILLE 7.1 SSW             ,   ,   ,,POINT(-93.3118 31.0394)
US1LACW0002,32.1672,-92.1474,75.3,LA,COLUMBIA 6.1 NW               ,   ,   ,,POINT(-92.1474 32.1672)
USW00003949,31.4,-93.2833,111.3,LA,PEASON RIDGE RANGE            ,   ,   ,72282,POINT(-93.2833 31.4)
USC00166202,31.4667,-93.7333,39.9,LA,MILAM TEXAS 8 E               ,   ,   ,,POINT(-93.7333 31.4667)
USC00165081,31.9167,-93.3,39.9,LA,LAKE END                      ,   ,   ,,POINT(-93.3 31.9167)
USC00161431,31.3667,-92.4,47.9,LA,CAMP BEAUREGARD               ,   ,   ,,POINT(-92.4 31.3667)
USW00013944,32.5,-93.6667,53.9,LA,SHREVEPORT BARKSDALE AFB      ,   ,   ,,POINT(-93.6667 32.5)
USC00164592,32.3483,-93.2014,57.9,LA,JAMESTOWN                     ,   ,   ,,POINT(-93.2014 32.3483)
US1LACD0002,32.3875,-93.8267,57.9,LA,SHREVEPORT 6.0 SSW            ,   ,   ,,POINT(-93.8267 32.3875)
USC00167304,30.7111,-90.7525,57.9,LA,PINE GROVE FIRE TWR           ,   ,   ,,POINT(-90.7525 30.7111)
USC00165522,31.9672,-94.0003,57.9,LA,LOGANSPORT                    ,   ,   ,,POINT(-94.0003 31.9672)
USC00162367,30.8428,-93.2869,57.9,LA,DE RIDDER                     ,   ,   ,,POINT(-93.2869 30.8428)
US1LAWS0002,30.8508,-90.1368,57.9,LA,FRANKLINTON 0.4 ENE           ,   ,   ,,POINT(-90.1368 30.8508)
USC00167590,32.3644,-92.7125,61.9,LA,QUITMAN 2                     ,   ,   ,,POINT(-92.7125 32.3644)
US1LALN0006,32.549,-92.6573,84.1,LA,RUSTON 1.6 NW                 ,   ,   ,,POINT(-92.6573 32.549)
US1LACD0029,32.6303,-93.9136,84.1,LA,SHREVEPORT 12.9 NNW           ,   ,   ,,POINT(-93.9136 32.6303)
US1LAOC0034,32.5156,-92.2362,36.3,LA,WEST MONROE 5.1 W             ,   ,   ,,POINT(-92.2362 32.5156)
USC00160761,32.7833,-92.6667,54.3,LA,BERNICE 2 S                   ,   ,   ,,POINT(-92.6667 32.7833)
US1LABG0001,30.8516,-93.2661,54.3,LA,DERIDDER 1.5 ENE              ,   ,   ,,POINT(-93.2661 30.8516)
US1LACD0014,32.4613,-93.7447,64.6,LA,SHREVEPORT 3.2 ESE            ,   ,   ,,POINT(-93.7447 32.4613)
US1LAWS0004,30.858,-89.974,100.6,LA,BOGALUSA 8.8 WNW              ,   ,   ,,POINT(-89.974 30.858)
USC00168405,30.85,-89.9833,100.6,LA,SHERIDAN FIRE TWR             ,   ,   ,,POINT(-89.9833 30.85)
USW00003931,31.05,-93.1833,100.6,LA,FT POLK AAF                   ,   ,   ,72239,POINT(-93.1833 31.05)
USC00164732,32.255,-92.6544,100.6,LA,JONESBORO 4 ENE               ,   ,   ,,POINT(-92.6544 32.255)
US1LAOR0019,29.9448,-90.0254,4.6,LA,NEW ORLEANS 2.8 E             ,   ,   ,,POINT(-90.0254 29.9448)
USC00167448,30.4508,-91.2183,4.6,LA,PORT ALLEN                    ,   ,   ,,POINT(-91.2183 30.4508)
US1LATG0010,30.4302,-90.3623,4.6,LA,PONCHATOULA 4.9 E             ,   ,   ,,POINT(-90.3623 30.4302)
USC00164775,29.9942,-92.2825,4.6,LA,KAPLAN                        ,   ,   ,,POINT(-92.2825 29.9942)
USC00160563,30.3453,-90.8931,4.6,LA,BAYOU MANCHAC PT              ,   ,   ,,POINT(-90.8931 30.3453)
USC00168230,30.1217,-91.1581,4.6,LA,SAMSTOWN                      ,   ,   ,,POINT(-91.1581 30.1217)
US1LACC0006,30.2339,-93.3205,4.6,LA,SULPHUR 2.2 E                 ,   ,   ,,POINT(-93.3205 30.2339)
USC00167485,30.3333,-90.85,4.6,LA,PORT VINCENT                  ,   ,   ,,POINT(-90.85 30.3333)
US1LAST0012,30.4079,-90.1089,4.6,LA,MANDEVILLE 3.1 NNW            ,   ,   ,,POINT(-90.1089 30.4079)
USC00167767,30.0564,-90.5803,4.6,LA,RESERVE                       ,   ,   ,,POINT(-90.5803 30.0564)
US1LAST0015,30.4336,-90.1939,4.6,LA,MADISONVILLE 3.2 NNW          ,   ,   ,,POINT(-90.1939 30.4336)
US1LACC0009,30.3698,-93.0669,4.6,LA,IOWA 9.7 NNW                  ,   ,   ,,POINT(-93.0669 30.3698)
USC00160565,30.1328,-91.3228,4.6,LA,BAYOU SORREL LOCK             ,   ,   ,,POINT(-91.3228 30.1328)
US1LAWB0002,30.3797,-91.2674,4.6,LA,ADDIS 1.7 N                   ,   ,   ,,POINT(-91.2674 30.3797)
USC00162872,30.0667,-90.6167,6.1,LA,EMILIE                        ,   ,   ,,POINT(-90.6167 30.0667)
USC00166669,29.95,-90.1333,6.1,LA,NEW ORLEANS WTP               ,   ,   ,,POINT(-90.1333 29.95)
USC00160232,30.0833,-92.25,6.1,LA,ANDREW                        ,   ,   ,,POINT(-92.25 30.0833)
USC00168295,29.7333,-90.8167,6.1,LA,SCHRIEVER                     ,   ,   ,,POINT(-90.8167 29.7333)
US1LAAS0019,30.2769,-90.9791,6.1,LA,PRAIRIEVILLE 2.0 S            ,   ,   ,,POINT(-90.9791 30.2769)
USC00169444,30.05,-90.6833,6.1,LA,WALLACE                       ,   ,   ,,POINT(-90.6833 30.05)
USC00160555,30.4292,-91.2069,6.1,LA,BATON ROUGE                   ,   ,   ,,POINT(-91.2069 30.4292)
USC00164674,29.9592,-91.7108,6.1,LA,JEANERETTE 5 NW               ,   ,   ,,POINT(-91.7108 29.9592)
USC00169027,29.8,-90.8167,6.1,LA,THIBODAUX #2                  ,   ,   ,,POINT(-90.8167 29.8)
US1LAST0022,30.3161,-89.7414,6.1,LA,SLIDELL 3.3 NE                ,   ,   ,,POINT(-89.7414 30.3161)
USC00166144,30.2036,-92.5747,6.1,LA,MERMENTAU 1 NNE               ,   ,   ,,POINT(-92.5747 30.2036)
USC00163755,30.0667,-90.7,6.1,LA,GRAMERCY                      ,   ,   ,,POINT(-90.7 30.0667)
USC00164186,30.3167,-91.8167,6.1,LA,HENDERSON 2 W                 ,   ,   ,,POINT(-91.8167 30.3167)
US1LACC0003,30.2322,-92.9986,6.1,LA,IOWA 0.9 ESE                  ,   ,   ,,POINT(-92.9986 30.2322)
USC00167366,30.3214,-91.2517,6.1,LA,PLAQUEMINE 2 N                ,   ,   ,,POINT(-91.2517 30.3214)
US1LAEB0044,30.3412,-91.1137,6.1,LA,BATON ROUGE 8.0 SSE           ,   ,   ,,POINT(-91.1137 30.3412)
USC00167070,29.9833,-91.0833,6.1,LA,PAINCOURTVILLE                ,   ,   ,,POINT(-91.0833 29.9833)
US1LALV0005,30.2717,-90.8228,6.1,LA,FRENCH SETTLEMENT 3.0 SSW     ,   ,   ,,POINT(-90.8228 30.2717)
USC00161246,30.3919,-91.2711,6.1,LA,BRUSLY 2 W                    ,   ,   ,,POINT(-91.2711 30.3919)
USC00164164,30.35,-93.0833,6.1,LA,HECKER                        ,   ,   ,,POINT(-93.0833 30.35)
USC00168392,30.0667,-92.6333,6.1,LA,SHELL BEACH                   ,   ,   ,,POINT(-92.6333 30.0667)
USC00165783,30.0389,-90.6936,6.1,LA,LUTCHER                       ,   ,   ,,POINT(-90.6936 30.0389)
USC00162002,29.9953,-90.8178,7.6,LA,CONVENT 2S                    ,   ,   ,,POINT(-90.8178 29.9953)
USC00160016,30.4714,-90.0436,7.6,LA,ABITA SPRINGS 1 SW            ,   ,   ,,POINT(-90.0436 30.4714)
USC00161565,30.1981,-91.1256,7.6,LA,CARVILLE 2 SW                 ,   ,   ,,POINT(-91.1256 30.1981)
USC00164535,32.2167,-93.0333,7.6,LA,IOWA NEAR SCS                 ,   ,   ,,POINT(-93.0333 32.2167)
USC00166434,30.3392,-93.215,7.6,LA,MOSS BLUFF 2 NNW              ,   ,   ,,POINT(-93.215 30.3392)
USC00165021,30.2192,-92.065,7.6,LA,LAFAYETTE                     ,   ,   ,,POINT(-92.065 30.2192)
USC00162212,30.2408,-92.3478,7.6,LA,CROWLEY 2 NE                  ,   ,   ,,POINT(-92.3478 30.2408)
USC00162154,30.5131,-90.09,7.6,LA,COVINGTON 3 NE                ,   ,   ,,POINT(-90.09 30.5131)
USC00166561,29.9342,-91.0164,7.6,LA,NAPOLEONVILLE                 ,   ,   ,,POINT(-91.0164 29.9342)
USC00161241,30.2233,-91.9033,7.6,LA,BREAUX BRIDGE 4 S             ,   ,   ,,POINT(-91.9033 30.2233)
US1LATG0016,30.4534,-90.4509,7.6,LA,PONCHATOULA 1.2 NNW           ,   ,   ,,POINT(-90.4509 30.4534)
USW00053865,30.3433,-89.8222,8.2,LA,SLIDELL AP                    ,   ,   ,72233,POINT(-89.8222 30.3433)
US1LAJD0004,30.3356,-92.6711,8.2,LA,JENNINGS 7.8 N                ,   ,   ,,POINT(-92.6711 30.3356)
USC00162350,30.4803,-90.9614,10.7,LA,DENHAM SPRINGS                ,   ,   ,,POINT(-90.9614 30.4803)
USC00164030,30.5031,-90.3772,10.7,LA,HAMMOND 5 E                   ,   ,   ,,POINT(-90.3772 30.5031)
US1LALY0006,30.2522,-92.0887,10.7,LA,SCOTT 1.0 N                   ,   ,   ,,POINT(-92.0887 30.2522)
USW00053960,30.0917,-91.8731,10.7,LA,LAFAYETTE 13 SE               ,   ,   ,74760,POINT(-91.8731 30.0917)
USC00161535,30.32,-92.0444,10.7,LA,CARENCRO                      ,   ,   ,,POINT(-92.0444 30.32)
US1LAEB0042,30.3586,-91.078,10.7,LA,INNISWOLD 2.8 S               ,   ,   ,,POINT(-91.078 30.3586)
USC00165296,29.7856,-92.2047,12.2,LA,LELAND BOWMAN LOCK            ,   ,   ,,POINT(-92.2047 29.7856)
US1LASM0004,30.096,-91.9418,12.2,LA,BROUSSARD 4.1 SSE             ,   ,   ,,POINT(-91.9418 30.096)
USC00161583,31.5833,-92.0167,13.7,LA,CATAHOULA WR                  ,   ,   ,,POINT(-92.0167 31.5833)
USC00160540,30.8206,-91.6622,13.7,LA,BATCHELOR                     ,   ,   ,,POINT(-91.6622 30.8206)
USC00166686,30.7267,-91.3672,13.7,LA,NEW ROADS 5 NE                ,   ,   ,,POINT(-91.3672 30.7267)
USC00162981,30.4917,-92.4303,15.2,LA,EUNICE                        ,   ,   ,,POINT(-92.4303 30.4917)
US1LATG0018,30.5252,-90.5402,15.2,LA,HAMMOND 4.9 WNW               ,   ,   ,,POINT(-90.5402 30.5252)
USC00165146,31.3731,-91.9053,15.2,LA,LARTO LAKE                    ,   ,   ,,POINT(-91.9053 31.3731)
USC00164884,30.5,-92.9,15.2,LA,KINDER 3 W                    ,   ,   ,,POINT(-92.9 30.5)
USC00169355,31.5333,-91.4333,15.2,LA,VIDALIA NATCHEZ               ,   ,   ,,POINT(-91.4333 31.5333)
USC00169127,31.6333,-91.8167,15.2,LA,TRINITY                       ,   ,   ,,POINT(-91.8167 31.6333)
USC00160548,30.4192,-91.1303,15.2,LA,BATON ROUGE CONCORD           ,   ,   ,,POINT(-91.1303 30.4192)
US1LACT0003,31.6206,-91.8455,17.4,LA,FSA-JONESVILLE 0.9 W          ,   ,   ,,POINT(-91.8455 31.6206)
US1LALV0012,30.6124,-90.8198,24.4,LA,WALKER 9.3 NNE                ,   ,   ,,POINT(-90.8198 30.6124)
US1LARP0007,31.2624,-92.4946,24.4,LA,ALEXANDRIA 2.8 SW             ,   ,   ,,POINT(-92.4946 31.2624)
USC00164034,30.4839,-90.4731,27.4,LA,HAMMOND                       ,   ,   ,,POINT(-90.4731 30.4839)
US1LAGR0002,31.7933,-92.5832,44.8,LA,GEORGETOWN 12.1 W             ,   ,   ,,POINT(-92.5832 31.7933)
USC00167924,32.3556,-93.6425,48.8,LA,ROBSON                        ,   ,   ,,POINT(-93.6425 32.3556)
USC00169803,31.9622,-92.6561,48.8,LA,WINNFIELD 3 N                 ,   ,   ,,POINT(-92.6561 31.9622)
US1LALS0001,31.669,-92.1555,62.8,LA,JENA 2.2 SW                   ,   ,   ,,POINT(-92.1555 31.669)
USC00163741,31.4358,-92.8828,93.6,LA,GORUM FIRE TWR                ,   ,   ,,POINT(-92.8828 31.4358)
USC00160800,32.3744,-92.9433,93.6,LA,BIENVILLE 3 NE                ,   ,   ,,POINT(-92.9433 32.3744)
USC00164859,30.9433,-90.5117,70.1,LA,KENTWOOD                      ,   ,   ,,POINT(-90.5117 30.9433)
USR0000LCAN,32.8042,-93.0667,70.1,LA,CANEY - FTS LOUISIANA         ,   ,   ,,POINT(-93.0667 32.8042)
USC00163864,30.8333,-90.6667,70.1,LA,GREENSBURG                    ,   ,   ,,POINT(-90.6667 30.8333)
USC00165890,31.5667,-93.4833,70.1,LA,MANY                          ,   ,   ,,POINT(-93.4833 31.5667)
USR0000LCAT,31.5022,-92.4617,70.1,LA,CATAHOULA - FTS LOUISIANA     ,   ,   ,,POINT(-92.4617 31.5022)
USC00161443,31.45,-92.3667,70.1,LA,CAMP LIVINGSTON               ,   ,   ,,POINT(-92.3667 31.45)
USC00162812,31.1042,-92.705,70.1,LA,ELMER 2 SW                    ,   ,   ,,POINT(-92.705 31.1042)
USC00167421,31.5,-92.4667,70.1,LA,POLLOCK FOREST NURSERY        ,   ,   ,,POINT(-92.4667 31.5)
USC00165935,32.0775,-93.2167,70.1,LA,MARTIN FIRE TWR               ,   ,   ,,POINT(-93.2167 32.0775)
USC00165874,32.0711,-93.7589,98.1,LA,MANSFIELD 4 NW                ,   ,   ,,POINT(-93.7589 32.0711)
USC00169838,30.95,-90.9333,98.1,LA,WOODLAND                      ,   ,   ,,POINT(-90.9333 30.95)
USC00160253,32.8833,-93,106.1,LA,ANTIOCH FIRE TWR              ,   ,   ,,POINT(-93 32.8833)
USC00166866,32.8642,-91.38,39.3,LA,OAK GROVE                     ,   ,   ,,POINT(-91.38 32.8642)
USC00168138,30.7872,-91.3675,39.3,LA,ST FRANCISVILLE 1 NE          ,   ,   ,,POINT(-91.3675 30.7872)
US1LABS0025,32.5942,-93.7269,53.3,LA,BOSSIER CITY 6.4 NW           ,   ,   ,,POINT(-93.7269 32.5942)
USC00164931,32.4169,-93.4428,53.3,LA,KORAN                         ,   ,   ,,POINT(-93.4428 32.4169)
US1LACD0004,32.3796,-93.8019,57.3,LA,SHREVEPORT 6.3 S              ,   ,   ,,POINT(-93.8019 32.3796)
US1LACD0013,32.4706,-93.7466,57.3,LA,SHREVEPORT 3.0 E              ,   ,   ,,POINT(-93.7466 32.4706)
USC00162121,32.8869,-93.4569,78.6,LA,COTTON VALLEY 5 NNW           ,   ,   ,,POINT(-93.4569 32.8869)
USC00167040,31.9333,-93.6333,78.6,LA,OXFORD                        ,   ,   ,,POINT(-93.6333 31.9333)
USC00160045,31.8,-91.9667,67.1,LA,AIMWELL FIRE TWR              ,   ,   ,,POINT(-91.9667 31.8)
USC00168430,32.4167,-93.7333,67.1,LA,SHREVEPORT ASF DEPOT          ,   ,   ,,POINT(-93.7333 32.4167)
USC00169303,31.6667,-92.7333,67.1,LA,VERDA FIRE TWR                ,   ,   ,,POINT(-92.7333 31.6667)
USC00163944,31.9,-92.7833,67.1,LA,GUM SPRINGS FIRE TWR          ,   ,   ,,POINT(-92.7833 31.9)
USC00169809,32.0294,-92.6553,67.1,LA,WINONA FIRE TWR               ,   ,   ,,POINT(-92.6553 32.0294)
USC00162579,32.5667,-93.4167,67.1,LA,DOYLINE                       ,   ,   ,,POINT(-93.4167 32.5667)
USC00169392,32.9033,-93.9819,67.1,LA,VIVIAN                        ,   ,   ,,POINT(-93.9819 32.9033)
USC00163142,30.8333,-90.5667,67.1,LA,FLUKER FIRE TWR               ,   ,   ,,POINT(-90.5667 30.8333)
USC00168515,31.2167,-92.8333,67.1,LA,SIMPSON 10 ESE                ,   ,   ,,POINT(-92.8333 31.2167)
USC00162023,31.75,-93.7,67.1,LA,CONVERSE                      ,   ,   ,,POINT(-93.7 31.75)
US1LABS0008,32.8925,-93.646,99.1,LA,PLAIN DEALING 3.0 ESE         ,   ,   ,,POINT(-93.646 32.8925)
US1LAWR0004,32.6386,-93.2545,99.1,LA,MINDEN 2.2 NE                 ,   ,   ,,POINT(-93.2545 32.6386)
US1LABS0004,32.8947,-93.6438,99.1,LA,PLAIN DEALING 3.3 ESE         ,   ,   ,,POINT(-93.6438 32.8947)
US1LAEB0024,30.4436,-91.0184,18.9,LA,SHENANDOAH 3.1 NNW            ,   ,   ,,POINT(-91.0184 30.4436)
US1LAEB0033,30.4118,-91.1786,21.9,LA,LSU                           ,   ,   ,,POINT(-91.1786 30.4118)
US1LAEB0023,30.5541,-91.054,21.9,LA,BROWNFIELDS 4.0 E             ,   ,   ,,POINT(-91.054 30.5541)
US1LAOC0019,32.5458,-92.098,21.9,LA,MONROE 2.5 NNW                ,   ,   ,,POINT(-92.098 32.5458)
US1LAOC0029,32.5283,-92.1238,21.9,LA,WEST MONROE 1.7 ENE           ,   ,   ,,POINT(-92.1238 32.5283)
US1LAEB0022,30.4023,-90.9762,21.9,LA,SHENANDOAH 1.5 E              ,   ,   ,,POINT(-90.9762 30.4023)
US1LACT0001,31.8719,-91.7097,21.9,LA,SICILY ISLAND 3.3 WNW         ,   ,   ,,POINT(-91.7097 31.8719)
US1LAFP0003,32.2324,-91.6921,21.9,LA,WINNSBORO 5.3 NNE             ,   ,   ,,POINT(-91.6921 32.2324)
US1LAEB0020,30.4438,-91.0561,21.9,LA,MONTICELLO 3.0 SSW            ,   ,   ,,POINT(-91.0561 30.4438)
USC00169631,32.46,-92.1483,22.9,LA,W MONROE                      ,   ,   ,,POINT(-92.1483 32.46)
USC00167732,31.1872,-92.2906,22.9,LA,RED RIVER LOCK # 2            ,   ,   ,,POINT(-92.2906 31.1872)
USC00168861,30.6433,-89.9239,22.9,LA,SUN                           ,   ,   ,,POINT(-89.9239 30.6433)
USC00168788,32.6933,-92.0514,25.9,LA,STERLINGTON #2                ,   ,   ,,POINT(-92.0514 32.6933)
USC00160103,31.2489,-92.4489,25.9,LA,ALEXANDRIA 5 SSE              ,   ,   ,,POINT(-92.4489 31.2489)
USC00168785,32.7025,-92.0814,25.9,LA,STERLINGTON                   ,   ,   ,,POINT(-92.0814 32.7025)
USC00168923,32.3994,-91.1842,25.9,LA,TALLULAH                      ,   ,   ,,POINT(-91.1842 32.3994)
US1LAOC0005,32.5277,-92.1219,25.9,LA,MONROE 2.4 WNW                ,   ,   ,,POINT(-92.1219 32.5277)
USC00165920,31.1289,-92.065,25.9,LA,MARKSVILLE                    ,   ,   ,,POINT(-92.065 31.1289)
USC00167651,30.5114,-93.2172,25.9,LA,RAGLEY 1W                     ,   ,   ,,POINT(-93.2172 30.5114)
US1LAOC0015,32.5153,-92.1661,29.9,LA,WEST MONROE 1.0 W             ,   ,   ,,POINT(-92.1661 32.5153)
USC00163321,30.8433,-90.1619,37.8,LA,FRANKLINTON                   ,   ,   ,,POINT(-90.1619 30.8433)
US1LACD0019,32.3755,-93.8055,51.8,LA,SHREVEPORT 6.7 S              ,   ,   ,,POINT(-93.8055 32.3755)
USC00168828,30.85,-93.0167,51.8,LA,SUGARTOWN                     ,   ,   ,,POINT(-93.0167 30.85)
US1LACN0003,31.6295,-91.5705,17.1,LA,FSA-FERRIDAY 1.0 WSW          ,   ,   ,,POINT(-91.5705 31.6295)
US1LASL0001,30.4197,-91.9986,17.1,LA,GRAND COTEAU 2.7 E            ,   ,   ,,POINT(-91.9986 30.4197)
US1LAPC0002,30.6807,-91.4115,17.1,LA,NEW ROADS 2.7 ESE             ,   ,   ,,POINT(-91.4115 30.6807)
US1LAEB0005,30.3657,-91.1168,17.1,LA,GARDERE 1.2 ENE               ,   ,   ,,POINT(-91.1168 30.3657)
USC00166995,30.5081,-92.0925,17.1,LA,OPELOUSAS                     ,   ,   ,,POINT(-92.0925 30.5081)
USW00013942,32.5156,-92.0406,24.1,LA,MONROE RGNL AP                ,   ,   ,,POINT(-92.0406 32.5156)
USC00167680,32.5,-91.7667,24.1,LA,RAYVILLE 2 N                  ,   ,   ,,POINT(-91.7667 32.5)
USC00164315,32.4667,-91.6167,24.1,LA,HOLLY RIDGE                   ,   ,   ,,POINT(-91.6167 32.4667)
US1LAAV0001,30.9517,-92.1921,24.1,LA,BUNKIE 0.3 WSW                ,   ,   ,,POINT(-92.1921 30.9517)
USC00166310,32.55,-92.1167,24.1,LA,MONROE CITY                   ,   ,   ,,POINT(-92.1167 32.55)
USC00163630,32.4667,-91.8,24.1,LA,GIRARD                        ,   ,   ,,POINT(-91.8 32.4667)
USC00162372,32.9,-92.1333,24.1,LA,DEAN                          ,   ,   ,,POINT(-92.1333 32.9)
USC00162271,29.8167,-90,24.1,LA,DALCOUR                       ,   ,   ,,POINT(-90 29.8167)
USC00160947,30.8,-89.8333,24.1,LA,BOGALUSA 2 NE                 ,   ,   ,,POINT(-89.8333 30.8)
USC00164200,31.0667,-92.1167,24.1,LA,HESSMER                       ,   ,   ,,POINT(-92.1167 31.0667)
USC00167897,32.1833,-92.1,24.1,LA,RIVERTON LOCK 3               ,   ,   ,,POINT(-92.1 32.1833)
US1LAMD0001,32.3838,-91.18,24.1,LA,FSA-TALLULAH 1.7 SSE          ,   ,   ,,POINT(-91.18 32.3838)
USC00166305,32.4667,-92.1167,24.1,LA,MONROE LOCK 4                 ,   ,   ,,POINT(-92.1167 32.4667)
USW00013934,31.3167,-92.55,27.1,LA,ENGLAND AFB                   ,   ,   ,74754,POINT(-92.55 31.3167)
USC00163544,31.75,-92.3833,27.1,LA,GEORGETOWN                    ,   ,   ,,POINT(-92.3833 31.75)
USC00164320,32.6167,-91.6333,27.1,LA,HOLLY RIDGE 10 N              ,   ,   ,,POINT(-91.6333 32.6167)
USC00167825,31.2833,-92.4167,27.1,LA,RICHLAND PLANTATION           ,   ,   ,,POINT(-92.4167 31.2833)
USC00169864,31.1833,-92.5667,27.1,LA,WOODWORTH TWR                 ,   ,   ,,POINT(-92.5667 31.1833)
USC00161956,32.6667,-91.8667,27.1,LA,COLLINSTON                    ,   ,   ,,POINT(-91.8667 32.6667)
USC00167691,32.4936,-91.7486,27.1,LA,RAYVILLE                      ,   ,   ,,POINT(-91.7486 32.4936)
US1LAOC0012,32.5412,-92.1648,27.1,LA,WEST MONROE 2.1 NNW           ,   ,   ,,POINT(-92.1648 32.5412)
USC00162217,32.2428,-91.5889,27.1,LA,CROWVILLE                     ,   ,   ,,POINT(-91.5889 32.2428)
US1LAOC0004,32.5386,-92.0932,27.1,LA,MONROE 1.9 NNW                ,   ,   ,,POINT(-92.0932 32.5386)
US1LAEB0031,30.5441,-91.005,27.1,LA,CENTRAL 2.2 SE                ,   ,   ,,POINT(-91.005 30.5441)
USC00166455,32.3333,-91.0167,27.1,LA,MOUND                         ,   ,   ,,POINT(-91.0167 32.3333)
USC00164730,32.9667,-91.65,31.1,LA,JONES                         ,   ,   ,,POINT(-91.65 32.9667)
USC00169235,31.8667,-92.3,31.1,LA,URANIA                        ,   ,   ,,POINT(-92.3 31.8667)
USC00162219,32.25,-91.5833,31.1,LA,CROWVILLE 1 N                 ,   ,   ,,POINT(-91.5833 32.25)
US1LAWC0001,32.7377,-91.4393,31.1,LA,PIONEER 0.3 WSW               ,   ,   ,,POINT(-91.4393 32.7377)
USC00166808,30.9678,-91.1003,31.1,LA,NORWOOD                       ,   ,   ,,POINT(-91.1003 30.9678)
USC00166333,31.55,-93,31.1,LA,MONTROSE                      ,   ,   ,,POINT(-93 31.55)
USC00162399,32.45,-91.5,31.1,LA,DELHI                         ,   ,   ,,POINT(-91.5 32.45)
USC00166324,31.6667,-92.9,31.1,LA,MONTGOMERY                    ,   ,   ,,POINT(-92.9 31.6667)
USC00162297,32.7,-91.45,31.1,LA,DARNELL 2N                    ,   ,   ,,POINT(-91.45 32.7)
USC00163322,30.8353,-90.1625,44.2,LA,FRANKLINTON #2                ,   ,   ,,POINT(-90.1625 30.8353)
USC00163327,30.8186,-90.18,44.2,LA,FRANKLINTON 3 SW              ,   ,   ,,POINT(-90.18 30.8186)
US1LAOC0016,32.4518,-92.3439,44.2,LA,CALHOUN 4.3 SSE               ,   ,   ,,POINT(-92.3439 32.4518)
US1LAWR0005,32.5283,-93.4005,62.2,LA,DOYLINE 1.1 NE                ,   ,   ,,POINT(-93.4005 32.5283)
USC00168094,32.3625,-93.14,84.4,LA,SAILES FIRE TWR               ,   ,   ,,POINT(-93.14 32.3625)
US1LAWR0007,32.6457,-93.2881,84.4,LA,MINDEN 2.1 NNW                ,   ,   ,,POINT(-93.2881 32.6457)
USC00164131,32.9683,-93.1297,92.4,LA,HAYNESVILLE                   ,   ,   ,,POINT(-93.1297 32.9683)
USC00164050,31.9272,-93.3103,38.7,LA,HANNA 4 SSE                   ,   ,   ,,POINT(-93.3103 31.9272)
USC00160381,32.65,-93.0667,154.8,LA,ATHENS FIRE TWR               ,   ,   ,,POINT(-93.0667 32.65)
USC00168067,32.51,-92.6503,89.9,LA,RUSTON LA TECH                ,   ,   ,,POINT(-92.6503 32.51)
US1LAWR0006,32.6347,-93.2549,93.9,LA,MINDEN 2.0 NE                 ,   ,   ,,POINT(-93.2549 32.6347)
USC00160277,32.5511,-92.9186,121.9,LA,ARCADIA                       ,   ,   ,,POINT(-92.9186 32.5511)
US1LAAS0013,30.2386,-90.9047,2.7,LA,GONZALES 1.9 NE               ,   ,   ,,POINT(-90.9047 30.2386)
USC00160395,29.6833,-91.2,2.7,LA,AVOCA ISLAND                  ,   ,   ,,POINT(-91.2 29.6833)
US1LAAS0009,30.2383,-90.9062,2.7,LA,GONZALES 1.8 NE               ,   ,   ,,POINT(-90.9062 30.2383)
US1LAST0026,30.2835,-89.7245,2.7,LA,SLIDELL 3.2 E                 ,   ,   ,,POINT(-89.7245 30.2835)
USW00053917,30.0494,-90.0289,2.7,LA,NEW ORLEANS LAKEFRONT AP      ,   ,   ,,POINT(-90.0289 30.0494)
US1LACC0020,30.204,-93.375,3.7,LA,SULPHUR 2.2 S                 ,   ,   ,,POINT(-93.375 30.204)
US1LAVM0004,29.9762,-92.1072,3.7,LA,ABBEVILLE 1.0 E               ,   ,   ,,POINT(-92.1072 29.9762)
US1LATG0021,30.4323,-90.5324,3.7,LA,PONCHATOULA 5.3 W             ,   ,   ,,POINT(-90.5324 30.4323)
US1LACC0011,30.1992,-93.4048,3.7,LA,SULPHUR 3.6 SW                ,   ,   ,,POINT(-93.4048 30.1992)
USC00169375,30.1922,-93.5811,3.7,LA,VINTON                        ,   ,   ,,POINT(-93.5811 30.1922)
US1LAST0017,30.275,-89.7041,3.7,LA,SLIDELL 4.4 E                 ,   ,   ,,POINT(-89.7041 30.275)
US1LAST0010,30.2805,-89.7735,3.7,LA,SLIDELL 0.2 SE                ,   ,   ,,POINT(-89.7735 30.2805)
USC00166968,30.2869,-93.1444,3.7,LA,OLD TOWN BAY                  ,   ,   ,,POINT(-93.1444 30.2869)
US1LAJD0002,30.236,-92.823,3.7,LA,WELSH 0.7 W                   ,   ,   ,,POINT(-92.823 30.236)
USC00166142,30.19,-92.5906,4.9,LA,MERMENTAU                     ,   ,   ,,POINT(-92.5906 30.19)
USW00013941,30.2167,-93.15,4.9,LA,LAKE CHARLES CHENAULT         ,   ,   ,,POINT(-93.15 30.2167)
US1LAAS0005,30.1584,-90.9207,4.9,LA,GONZALES 4.0 S                ,   ,   ,,POINT(-90.9207 30.1584)
US1LATG0007,30.4326,-90.2462,4.9,LA,PONCHATOULA 11.8 E            ,   ,   ,,POINT(-90.2462 30.4326)
US1LAIV0004,30.3161,-91.0721,4.9,LA,VILLAGE ST. GEORGE 3.2 S      ,   ,   ,,POINT(-91.0721 30.3161)
USC00167425,30.4603,-90.4497,6.4,LA,PONCHATOULA                   ,   ,   ,,POINT(-90.4497 30.4603)
US1LACC0014,30.145,-93.1764,6.4,LA,LAKE CHARLES 4.8 SSE          ,   ,   ,,POINT(-93.1764 30.145)
US1LASM0003,30.2879,-91.9044,6.4,LA,BREAUX BRIDGE 0.7 NNW         ,   ,   ,,POINT(-91.9044 30.2879)
USC00165620,30.3644,-91.1672,6.4,LA,LSU BEN-HUR FARM              ,   ,   ,,POINT(-91.1672 30.3644)
USC00167364,30.3,-91.2333,7.9,LA,PLAQUEMINE                    ,   ,   ,,POINT(-91.2333 30.3)
US1LAAS0003,30.2173,-90.9099,7.9,LA,GONZALES 0.8 E                ,   ,   ,,POINT(-90.9099 30.2173)
US1LALV0003,30.2995,-90.7981,7.9,LA,FRENCH SETTLEMENT 0.9 SSE     ,   ,   ,,POINT(-90.7981 30.2995)
US1LAAS0001,30.1613,-90.9239,7.9,LA,GONZALES 3.8 S                ,   ,   ,,POINT(-90.9239 30.1613)
USW00003934,30.0333,-91.8833,7.9,LA,NEW IBERIA NAAS               ,   ,   ,,POINT(-91.8833 30.0333)
US1LAAC0003,30.2353,-92.2843,8.8,LA,RAYNE 1.0 W                   ,   ,   ,,POINT(-92.2843 30.2353)
US1LAAS0010,30.3187,-90.9954,8.8,LA,PRAIRIEVILLE 1.8 NW           ,   ,   ,,POINT(-90.9954 30.3187)
US1LALY0002,30.17,-92.0016,9.8,LA,LAFAYETTE 3.5 SSE             ,   ,   ,,POINT(-92.0016 30.17)
US1LAST0009,30.5001,-90.0134,11.3,LA,ABITA SPRINGS 1.9 NE          ,   ,   ,,POINT(-90.0134 30.5001)
US1LAEB0018,30.4033,-91.0357,15.8,LA,SHENANDOAH 2.1 W              ,   ,   ,,POINT(-91.0357 30.4033)
US1LATS0001,31.991,-91.187,21.6,LA,ST. JOSEPH 5.8 NNE            ,   ,   ,,POINT(-91.187 31.991)
US1LAOC0006,32.5487,-92.1193,21.6,LA,MONROE 3.2 NW                 ,   ,   ,,POINT(-92.1193 32.5487)
US1LAAV0003,31.1338,-92.0686,22.6,LA,MARKSVILLE 0.6 NW             ,   ,   ,,POINT(-92.0686 31.1338)
US1LAEV0002,30.6884,-92.2783,22.6,LA,FSA-VILLE PLATTE 0.2 SE       ,   ,   ,,POINT(-92.2783 30.6884)
US1LABG0002,30.4713,-93.1591,22.6,LA,RAGLEY 5.0 SE                 ,   ,   ,,POINT(-93.1591 30.4713)
USC00169804,32.1411,-91.7089,22.6,LA,WINNSBORO 2 SE                ,   ,   ,,POINT(-91.7089 32.1411)
USW00093915,31.3347,-92.5586,25.6,LA,ALEXANDRIA INTL AP            ,   ,   ,74754,POINT(-92.5586 31.3347)
US1LAEB0056,30.6943,-91.2565,33.2,LA,JACKSON 10.1 SSW              ,   ,   ,,POINT(-91.2565 30.6943)
US1LAWP0001,31.8822,-92.8938,37.2,LA,WINNFIELD 15.1 W              ,   ,   ,,POINT(-92.8938 31.8822)
USC00162144,32.0075,-93.2694,47.2,LA,COUSHATTA GRAND BAYOU         ,   ,   ,,POINT(-93.2694 32.0075)
USC00166978,31.8922,-92.2422,47.2,LA,OLLA                          ,   ,   ,,POINT(-92.2422 31.8922)
USC00167738,32.4219,-93.6381,47.2,LA,RED RIVER RSCH STN            ,   ,   ,,POINT(-93.6381 32.4219)
US1LARR0003,32.0079,-93.2722,51.2,LA,COUSHATTA 4.2 ESE             ,   ,   ,,POINT(-93.2722 32.0079)
USC00169074,31.2022,-93.5725,55.2,LA,TOLEDO BEND LAKE              ,   ,   ,,POINT(-93.5725 31.2022)
US1LACD0009,32.3796,-93.8031,55.2,LA,SHREVEPORT 6.4 S              ,   ,   ,,POINT(-93.8031 32.3796)
USC00163657,32.2,-93.8333,78.9,LA,GLOSTER 1 W                   ,   ,   ,,POINT(-93.8333 32.2)
USC00162439,31.9667,-93.5667,78.9,LA,DESOTO FIRE TWR               ,   ,   ,,POINT(-93.5667 31.9667)
USC00160920,32.7,-93.5167,78.9,LA,BODCAU FIRE TWR               ,   ,   ,,POINT(-93.5167 32.7)
USC00166911,30.7531,-90.9939,45.7,LA,OAKNOLIA 2N                   ,   ,   ,,POINT(-90.9939 30.7531)
USC00163804,31.8078,-93.0867,45.7,LA,GRAND ECORE                   ,   ,   ,,POINT(-93.0867 31.8078)
USC00164573,30.8331,-91.1261,45.7,LA,JACKSON 3E                    ,   ,   ,,POINT(-91.1261 30.8331)
US1LANT0003,31.7869,-93.1708,45.7,LA,NATCHITOCHES 4.8 WNW          ,   ,   ,,POINT(-93.1708 31.7869)
USC00162800,30.85,-92.7833,45.7,LA,ELIZABETH                     ,   ,   ,,POINT(-92.7833 30.85)
USC00161200,32.5331,-93.71,49.7,LA,BOSSIER CITY 2                ,   ,   ,,POINT(-93.71 32.5331)
US1LANT0005,32.042,-92.9108,59.7,LA,GOLDONNA 1.5 N                ,   ,   ,,POINT(-92.9108 32.042)
USC00169980,31.6597,-93.6633,63.7,LA,ZWOLLE 2 NW                   ,   ,   ,,POINT(-93.6633 31.6597)
US1LAEF0005,30.8518,-91.0077,67.4,LA,FSA-CLINTON 0.8 SE            ,   ,   ,,POINT(-91.0077 30.8518)
USR0000LGUM,31.9,-92.7672,91.4,LA,GUM SPRINGS LOUISIANA         ,   ,   ,,POINT(-92.7672 31.9)
USC00164905,31.4667,-93.1833,91.4,LA,KISATCHIE                     ,   ,   ,,POINT(-93.1833 31.4667)
USC00168431,32.4267,-93.8186,75.9,LA,SHREVEPORT CARGIL PARK        ,   ,   ,,POINT(-93.8186 32.4267)
USC00162165,31,-93.1,75.9,LA,CRAVENS TWR                   ,   ,   ,,POINT(-93.1 31)
USC00164735,32.2239,-92.7069,75.9,LA,JONESBORO #2                  ,   ,   ,,POINT(-92.7069 32.2239)
USW00013935,31.3928,-92.2956,34.1,LA,ALEXANDRIA ESLER RGNL AP      ,   ,   ,,POINT(-92.2956 31.3928)
USC00160629,32.95,-91.85,34.1,LA,BEEKMAN 3 NE                  ,   ,   ,,POINT(-91.85 32.95)
USC00165419,32.9833,-92.2167,34.1,LA,LITROE                        ,   ,   ,,POINT(-92.2167 32.9833)
US1LATG0019,30.726,-90.5207,34.1,LA,FSA-AMITE CITY 0.8 SW         ,   ,   ,,POINT(-90.5207 30.726)
US1LAOC0002,32.5564,-92.1989,42.1,LA,WEST MONROE 4.1 NW            ,   ,   ,,POINT(-92.1989 32.5564)
US1LANT0001,31.9135,-92.9929,52.1,LA,GOLDONNA 8.8 SSW              ,   ,   ,,POINT(-92.9929 31.9135)
US1LABS0011,32.5905,-93.7086,52.1,LA,BOSSIER CITY 5.6 NNW          ,   ,   ,,POINT(-93.7086 32.5905)
US1LACD0025,32.4821,-93.7268,52.1,LA,SHREVEPORT 4.2 E              ,   ,   ,,POINT(-93.7268 32.4821)
US1LABS0003,32.6221,-93.7199,52.1,LA,BOSSIER CITY 7.9 NNW          ,   ,   ,,POINT(-93.7199 32.6221)
USC00161891,30.8544,-91.0092,76.2,LA,CLINTON FORESTRY HQ           ,   ,   ,,POINT(-91.0092 30.8544)
USC00165430,30.9336,-90.57,76.2,LA,LIVERPOOL 6W                  ,   ,   ,,POINT(-90.57 30.9336)
USC00168910,30.55,-89.95,18.3,LA,TALISHEEK TOWER               ,   ,   ,,POINT(-89.95 30.55)
USC00169480,30.5622,-90.9214,18.3,LA,WATSON 3 ESE                  ,   ,   ,,POINT(-90.9214 30.5622)
USC00169357,31.5653,-91.4333,18.3,LA,VIDALIA #2                    ,   ,   ,,POINT(-91.4333 31.5653)
USC00160546,30.5586,-91.0342,18.3,LA,BATON ROUGE CNTRL             ,   ,   ,,POINT(-91.0342 30.5586)
USC00163867,30.5589,-90.9855,18.3,LA,GREENWELL SPRINGS             ,   ,   ,,POINT(-90.9855 30.5589)
USC00168906,30.5225,-89.8742,18.3,LA,TALISHEEK                     ,   ,   ,,POINT(-89.8742 30.5225)
USC00163165,30.5506,-90.1919,21.3,LA,FOLSOM 6 S                    ,   ,   ,,POINT(-90.1919 30.5506)
USC00165630,31.1783,-92.4108,21.3,LA,LSU DEAN LEE RSCH STN         ,   ,   ,,POINT(-92.4108 31.1783)
USC00167729,31.2542,-91.9592,21.3,LA,RED RIVER LOCK #1             ,   ,   ,,POINT(-91.9592 31.2542)
USC00160462,30.5669,-91.1633,21.3,LA,BAKER                         ,   ,   ,,POINT(-91.1633 30.5669)
USC00164739,31.4825,-91.8628,21.3,LA,JONESVILLE LOCKS              ,   ,   ,,POINT(-91.8628 31.4825)
USC00166314,32.4936,-92.0319,21.3,LA,MONROE DELTA CC               ,   ,   ,,POINT(-92.0319 32.4936)
USC00169369,30.695,-92.2664,21.3,LA,VILLE PLATTE                  ,   ,   ,,POINT(-92.2664 30.695)
US1LACW0003,32.1558,-92.1064,21.3,LA,COLUMBIA 4.1 NNW              ,   ,   ,,POINT(-92.1064 32.1558)
USC00166962,31,-91.6667,21.3,LA,OLD RIVER LOCK                ,   ,   ,,POINT(-91.6667 31)
USC00161866,31.7236,-91.5408,22.3,LA,CLAYTON                       ,   ,   ,,POINT(-91.5408 31.7236)
USC00166271,30.7,-92.8833,36.6,LA,MITTIE 2 SE                   ,   ,   ,,POINT(-92.8833 30.7)
USC00169930,30.6814,-91.125,36.6,LA,ZACHARY                       ,   ,   ,,POINT(-91.125 30.6814)
USC00162145,31.9944,-93.3764,36.6,LA,COUSHATTA 2 SW                ,   ,   ,,POINT(-93.3764 31.9944)
US1LABS0020,32.5196,-93.6917,50.6,LA,BOSSIER CITY 1.6 W            ,   ,   ,,POINT(-93.6917 32.5196)
US1LALN0003,32.6093,-92.6629,54.6,LA,RUSTON 5.5 NNW                ,   ,   ,,POINT(-92.6629 32.6093)
USW00053905,32.5428,-93.745,54.6,LA,SHREVEPORT DWTN AP            ,   ,   ,,POINT(-93.745 32.5428)
USC00164260,31.1833,-92.75,73.2,LA,HINESTON 4 NNE                ,   ,   ,,POINT(-92.75 31.1833)
USC00168683,32.9922,-93.4417,73.2,LA,SPRINGHILL                    ,   ,   ,,POINT(-93.4417 32.9922)
USC00163331,30.7842,-90.2022,73.2,LA,FRANKLINTON 5 SW              ,   ,   ,,POINT(-90.2022 30.7842)
US1LABV0001,32.3547,-92.9775,73.2,LA,BIENVILLE 0.5 S               ,   ,   ,,POINT(-92.9775 32.3547)
USC00164316,32.1167,-93.2333,73.2,LA,HOLLEY SPRINGS                ,   ,   ,,POINT(-93.2333 32.1167)
USC00160349,32.1292,-93.1164,73.2,LA,ASHLAND                       ,   ,   ,,POINT(-93.1164 32.1292)
USC00163324,30.7833,-90.2167,73.2,LA,FRANKLINTON EXP STN           ,   ,   ,,POINT(-90.2167 30.7833)
USC00160422,30.8167,-91.3833,73.2,LA,BAINS                         ,   ,   ,,POINT(-91.3833 30.8167)
USC00168586,32.5558,-91.1747,73.2,LA,SONDHEIMER                    ,   ,   ,,POINT(-91.1747 32.5558)
USC00164510,31.7,-92.5,73.2,LA,INDIAN LOOKOUT                ,   ,   ,,POINT(-92.5 31.7)
USC00169661,30.9167,-91.4667,73.2,LA,WEYANOKE 2 SW                 ,   ,   ,,POINT(-91.4667 30.9167)
US1LAWR0011,32.6076,-93.22,101.2,LA,MINDEN 3.6 E                  ,   ,   ,,POINT(-93.22 32.6076)
US1LADS0004,32.0821,-93.6077,77.7,LA,MANSFIELD 6.5 ENE             ,   ,   ,,POINT(-93.6077 32.0821)
USC00165875,32.1408,-93.7433,77.7,LA,MANSFIELD 7 NW                ,   ,   ,,POINT(-93.7433 32.1408)
USC00165892,31.5769,-93.4817,77.7,LA,MANY                          ,   ,   ,,POINT(-93.4817 31.5769)
US1LACB0005,32.6988,-93.1398,131.4,LA,MINDEN 10.0 NE                ,   ,   ,,POINT(-93.1398 32.6988)
USC00168136,30.7775,-91.3769,35.1,LA,ST FRANCISVILLE               ,   ,   ,,POINT(-91.3769 30.7775)
USC00165584,30.6,-93.2333,35.1,LA,LONGVILLE                     ,   ,   ,,POINT(-93.2333 30.6)
US1LAMR0001,32.8196,-91.8973,35.1,LA,BASTROP 3.2 NNE               ,   ,   ,,POINT(-91.8973 32.8196)
US1LARP0003,30.9931,-92.5916,45.1,LA,MCNARY 0.9 WNW                ,   ,   ,,POINT(-92.5916 30.9931)
US1LAOC0011,32.3993,-92.2548,45.1,LA,WEST MONROE 10.1 SW           ,   ,   ,,POINT(-92.2548 32.3993)
USC00168795,32.9,-91.9667,45.1,LA,STEVENSON FIRE TWR            ,   ,   ,,POINT(-91.9667 32.9)
USC00162235,32.4167,-93.6333,49.1,LA,CURTIS 1 SSE                  ,   ,   ,,POINT(-93.6333 32.4167)
USC00163087,32.7833,-92.2833,49.1,LA,FARMERVILLE 6 E               ,   ,   ,,POINT(-92.2833 32.7833)
US1LACD0032,32.3531,-93.8053,49.1,LA,KEITHVILLE 2.0 NE             ,   ,   ,,POINT(-93.8053 32.3531)
USC00162285,32.25,-92.8167,49.1,LA,DANVILLE                      ,   ,   ,,POINT(-92.8167 32.25)
US1LABS0019,32.4608,-93.6563,49.1,LA,BOSSIER CITY 4.0 S            ,   ,   ,,POINT(-93.6563 32.4608)
US1LACD0001,32.3825,-93.7979,59.1,LA,SHREVEPORT 6.2 S              ,   ,   ,,POINT(-93.7979 32.3825)
USC00163600,32.5333,-93.0333,70.7,LA,GIBSLAND NEAR SCS #15         ,   ,   ,,POINT(-93.0333 32.5333)
USC00163877,32.4175,-94.0003,106.7,LA,GREENWOOD FIRE TWR            ,   ,   ,,POINT(-94.0003 32.4175)
USR0000LVER,31.0167,-93.1869,106.7,LA,VERNON LOUISIANA              ,   ,   ,,POINT(-93.1869 31.0167)
US1LAVM0002,29.9814,-92.2741,2.1,LA,KAPLAN 1.6 SSE                ,   ,   ,,POINT(-92.2741 29.9814)
USC00161560,29.9333,-90.1167,2.1,LA,CARROLLTON                    ,   ,   ,,POINT(-90.1167 29.9333)
US1LATR0005,29.6791,-90.7728,2.1,LA,GRAY 0.5 ENE                  ,   ,   ,,POINT(-90.7728 29.6791)
US1LAVM0007,29.9592,-92.0348,2.1,LA,ERATH 0.2 ENE                 ,   ,   ,,POINT(-92.0348 29.9592)
US1LAOR0014,29.9377,-90.1313,2.1,LA,NEW ORLEANS 3.8 WSW           ,   ,   ,,POINT(-90.1313 29.9377)
US1LAIB0004,29.9988,-91.8288,5.2,LA,NEW IBERIA 0.8 WSW            ,   ,   ,,POINT(-91.8288 29.9988)
USC00162536,30.0992,-90.9269,5.2,LA,DONALDSONVILLE 4E             ,   ,   ,,POINT(-90.9269 30.0992)
US1LALY0005,30.1112,-92.058,6.7,LA,LAFAYETTE 7.4 SSW             ,   ,   ,,POINT(-92.058 30.1112)
US1LASM0002,30.1221,-91.831,6.7,LA,ST. MARTINVILLE 0.2 S         ,   ,   ,,POINT(-91.831 30.1221)
US1LAAS0015,30.1293,-90.9154,6.7,LA,DARROW 4.3 E                  ,   ,   ,,POINT(-90.9154 30.1293)
USC00166308,32.5181,-92.1361,9.4,LA,MONROE #2                     ,   ,   ,,POINT(-92.1361 32.5181)
US1LAEB0060,30.4005,-91.0896,9.4,LA,BATON ROUGE 4.0 SSE           ,   ,   ,,POINT(-91.0896 30.4005)
US1LAEB0059,30.357,-91.077,10.4,LA,BATON ROUGE 7.0 SSE           ,   ,   ,,POINT(-91.077 30.357)
USC00160244,30.95,-91.5833,11.9,LA,ANGOLA                        ,   ,   ,,POINT(-91.5833 30.95)
US1LALV0007,30.5037,-90.9424,11.9,LA,DENHAM SPRINGS 1.9 NNE        ,   ,   ,,POINT(-90.9424 30.5037)
USC00160101,31.3167,-92.45,13.4,LA,ALEXANDRIA #2                 ,   ,   ,,POINT(-92.45 31.3167)
USC00162916,30.7,-90.1833,14.9,LA,ENON 7 WSW                    ,   ,   ,,POINT(-90.1833 30.7)
US1LAAC0002,30.401,-92.2249,14.9,LA,CHURCH POINT 0.7 WSW          ,   ,   ,,POINT(-92.2249 30.401)
US1LATG0017,30.536,-90.482,14.9,LA,HAMMOND 2.5 NNW               ,   ,   ,,POINT(-90.482 30.536)
USC00164021,31.0167,-91.9333,14.9,LA,HAMBURG                       ,   ,   ,,POINT(-91.9333 31.0167)
US1LAEB0063,30.3791,-91.0051,14.9,LA,SHENANDOAH 1.5 S              ,   ,   ,,POINT(-91.0051 30.3791)
USC00168507,30.9833,-91.8167,14.9,LA,SIMMESPORT                    ,   ,   ,,POINT(-91.8167 30.9833)
USC00166424,30.8333,-92.0833,14.9,LA,MORROW                        ,   ,   ,,POINT(-92.0833 30.8333)
USC00161152,31.3333,-91.8667,14.9,LA,BOOK                          ,   ,   ,,POINT(-91.8667 31.3333)
USC00167162,30.5833,-89.85,14.9,LA,PEARL RIVER LOCK 2            ,   ,   ,,POINT(-89.85 30.5833)
USC00160028,31.2833,-91.8167,14.9,LA,ACME                          ,   ,   ,,POINT(-91.8167 31.2833)
USC00160558,30.4494,-91.0478,16.8,LA,BATON ROUGE SHERWOOD          ,   ,   ,,POINT(-91.0478 30.4494)
USC00160556,30.4,-91.15,16.8,LA,BATON ROUGE SOUTHDOWNS        ,   ,   ,,POINT(-91.15 30.4)
USC00162364,30.3667,-93.4667,16.8,LA,DE QUINCY FIRE TWR            ,   ,   ,,POINT(-93.4667 30.3667)
USC00166938,30.6036,-92.7739,19.8,LA,OBERLIN FIRE TWR              ,   ,   ,,POINT(-92.7739 30.6036)
US1LAOC0001,32.5448,-92.0039,23.8,LA,SWARTZ 2.0 SSW                ,   ,   ,,POINT(-92.0039 32.5448)
USC00167312,32.7547,-91.535,26.8,LA,PIONEER 6 W                   ,   ,   ,,POINT(-91.535 32.7547)
USW00053961,32.8833,-92.1164,26.8,LA,MONROE 26 N                   ,   ,   ,74761,POINT(-92.1164 32.8833)
USC00169103,32.6833,-91.1833,30.8,LA,TRANSYLVANIA                  ,   ,   ,,POINT(-91.1833 32.6833)
US1LABG0003,30.7541,-93.1848,39.6,LA,DERIDDER 8.9 SE               ,   ,   ,,POINT(-93.1848 30.7541)
USC00160238,30.9644,-89.815,39.6,LA,ANGIE                         ,   ,   ,,POINT(-89.815 30.9644)
USC00161235,31.3025,-92.73,39.6,LA,BOYCE 7 SW                    ,   ,   ,,POINT(-92.73 31.3025)
US1LAWF0001,30.7869,-91.3675,39.6,LA,ST. FRANCISVILLE 1.2 N        ,   ,   ,,POINT(-91.3675 30.7869)
USC00166582,31.7722,-93.0956,39.6,LA,NATCHITOCHES                  ,   ,   ,,POINT(-93.0956 31.7722)
USC00164696,31.6783,-92.1289,43.6,LA,JENA                          ,   ,   ,,POINT(-92.1289 31.6783)
US1LABS0016,32.6228,-93.7311,53.6,LA,BOSSIER CITY 8.2 NNW          ,   ,   ,,POINT(-93.7311 32.6228)
USC00165287,31.0517,-93.2789,79.2,LA,LEESVILLE 6 SSW               ,   ,   ,,POINT(-93.2789 31.0517)
USW00013957,32.4506,-93.8411,83.2,LA,SHREVEPORT                    ,GSN,   ,72248,POINT(-93.8411 32.4506)
USC00165896,31.5119,-93.62,87.2,LA,MANY 9 WSW                    ,   ,   ,,POINT(-93.62 31.5119)
USC00164381,29.8167,-89.65,0.9,LA,HOPEDALE                      ,   ,   ,,POINT(-89.65 29.8167)
US1LASB0002,29.8691,-89.814,0.9,LA,ST. BERNARD 2.7 E             ,   ,   ,,POINT(-89.814 29.8691)
USC00166130,29.9486,-89.9855,0.9,LA,CHALMETTE                     ,   ,   ,,POINT(-89.9855 29.9486)
USC00161930,29.335,-90.6414,0.9,LA,COCODRIE 6 N                  ,   ,   ,,POINT(-90.6414 29.335)
US1LALF0004,29.8978,-90.78,0.9,LA,THIBODAUX 7.8 NNE             ,   ,   ,,POINT(-90.78 29.8978)
US1LAVM0006,29.8706,-92.2375,0.9,LA,ABBEVILLE 9.9 SW              ,   ,   ,,POINT(-92.2375 29.8706)
USR0000LSAB,29.8881,-93.4039,0.9,LA,SABINE LOUISIANA              ,   ,   ,,POINT(-93.4039 29.8881)
USC00160012,30.4586,-90.0975,0.9,LA,ABITA RVR COVINGTON           ,   ,   ,,POINT(-90.0975 30.4586)
USC00166659,29.95,-90.0833,0.9,LA,NEW ORLEANS WSO CITY          ,   ,   ,,POINT(-90.0833 29.95)
USC00164624,29.7667,-90.1,0.9,LA,JEAN LAFITTE NAT PARK         ,   ,   ,,POINT(-90.1 29.7667)
US1LANT0006,31.933,-93.0277,0.9,LA,CAMPTI 5.7 ENE                ,   ,   ,,POINT(-93.0277 31.933)
US1LATR0010,29.432,-90.5978,0.9,LA,CHAUVIN 1.0 SSW               ,   ,   ,,POINT(-90.5978 29.432)
USC00165926,29.7853,-90.1158,0.9,LA,MARRERO 9 SSW                 ,   ,   ,,POINT(-90.1158 29.7853)
USC00162673,29.4336,-90.7011,0.9,LA,DULAC 3N                      ,   ,   ,,POINT(-90.7011 29.4336)
US1LATR0009,29.5162,-90.5923,0.9,LA,CHAUVIN 4.9 N                 ,   ,   ,,POINT(-90.5923 29.5162)
USW00012884,29.3331,-89.4075,0.9,LA,BOOTHVILLE ASOS               ,   ,   ,72232,POINT(-89.4075 29.3331)
USC00163979,29.8894,-93.4019,1.8,LA,HACKBERRY 8 SSW               ,   ,   ,,POINT(-93.4019 29.8894)
US1LAJF0005,29.9689,-90.2178,1.8,LA,RIVER RIDGE 0.7 N             ,   ,   ,,POINT(-90.2178 29.9689)
USC00166661,30.0333,-90.0333,1.8,LA,NEW ORLEANS AP                ,   ,   ,,POINT(-90.0333 30.0333)
USC00163981,29.9872,-93.2694,1.8,LA,HACKBERRY 4NE                 ,   ,   ,,POINT(-93.2694 29.9872)
US1LACD0012,32.3587,-93.8555,67.7,LA,KEITHVILLE 1.5 NNW            ,   ,   ,,POINT(-93.8555 32.3587)
USC00167344,32.8919,-93.6944,76.5,LA,PLAIN DEALING                 ,   ,HCN,,POINT(-93.6944 32.8919)
USW00013970,30.5372,-91.1469,19.5,LA,BATON ROUGE RYAN AP           ,   ,HCN,,POINT(-91.1469 30.5372)
USC00160098,31.3206,-92.4611,26.5,LA,ALEXANDRIA                    ,   ,HCN,,POINT(-92.4611 31.3206)
USC00164407,29.6408,-90.8161,2.4,LA,HOUMA                         ,   ,HCN,,POINT(-90.8161 29.6408)
USC00162534,30.0719,-91.0278,9.1,LA,DONALDSONVILLE 4 SW           ,   ,HCN,,POINT(-91.0278 30.0719)
USW00013976,30.205,-91.9875,11.6,LA,LAFAYETTE RGNL AP             ,   ,HCN,,POINT(-91.9875 30.205)
USC00169013,29.7547,-90.7747,4.6,LA,THIBODAUX 4 SE                ,   ,HCN,,POINT(-90.7747 29.7547)
USW00012930,29.9167,-90.1303,6.1,LA,NEW ORLEANS AUDUBON           ,   ,HCN,,POINT(-90.1303 29.9167)
USC00164700,30.2003,-92.6642,7.6,LA,JENNINGS                      ,   ,HCN,,POINT(-92.6642 30.2003)
USC00162151,30.5272,-90.1114,12.2,LA,COVINGTON 4 NNW               ,   ,HCN,,POINT(-90.1114 30.5272)
USC00169806,32.0997,-91.7022,24.4,LA,WINNSBORO 5 SSE               ,   ,HCN,,POINT(-91.7022 32.0997)
USC00161287,30.9594,-92.1786,24.4,LA,BUNKIE                        ,   ,HCN,,POINT(-92.1786 30.9594)
USC00160205,30.7094,-90.525,51.8,LA,AMITE                         ,   ,HCN,,POINT(-90.525 30.7094)
USC00163313,29.8233,-91.5442,3.7,LA,FRANKLIN 3 NW                 ,   ,HCN,,POINT(-91.5442 29.8233)
USC00160537,32.7314,-91.9144,45.7,LA,BASTROP                       ,   ,HCN,,POINT(-91.9144 32.7314)
USC00161411,32.5133,-92.3486,36.6,LA,CALHOUN RSCH STN              ,   ,HCN,,POINT(-92.3486 32.5133)
USC00163800,30.4183,-92.0442,16.8,LA,GRAND COTEAU                  ,   ,HCN,,POINT(-92.0442 30.4183)
USC00168163,31.9497,-91.2336,23.8,LA,ST JOSEPH 3 N                 ,   ,HCN,,POINT(-91.2336 31.9497)
